INSTITUCION;COD_IPRESS;NOMBRE;CLASIFICACION;TIPO_ESTABLECIMIENTO;DEPARTAMENTO;PROVINCIA;DISTRITO;UBIGEO;DIRECCION;CO_DISA;COD_RED;COD_MICRORRED;DISA;RED;MICRORED;COD_UE;UNIDAD_EJECUTORA;CATEGORIA;TELEFONO;HORARIO;INICIO_ACTIVIDAD;ESTADO;NORTE;ESTE;IMAGEN_1;FE_ACT_IMAGEN_1;IMAGEN_2;FE_ACT_IMAGEN_2;IMAGEN_3;FE_ACT_IMAGEN_3
GOBIERNO REGIONAL;3252;4 DE NOVIEMBRE;CENTROS DE SALUD O CENTROS MEDICOS;ESTABLECIMIENTO DE SALUD SIN INTERNAMIENTO;PUNO;PUNO;PUNO;210101;JR. RUBEN DARIO Nº 257 - BARRIO 4 DE NOVIEMBRE;29;150;968;PUNO;PUNO;JOSE ANTONIO ENCINAS;919;SALUD PUNO;I-3;950814729;7:00 - 19:00;22/04/1986;ACTIVO;-15.82486667;-70.02903167;http://app20.susalud.gob.pe:8080/registro-renipress-webapp/ipress.htm?action=downloadFile&idArchivo=Fotografia_3252_29378523_1435159861968.png;;http://app20.susalud.gob.pe:8080/registro-renipress-webapp/ipress.htm?action=downloadFile&idArchivo=Fotografia_3252_29378523_1435159889840.png;;http://app20.susalud.gob.pe:8080/registro-renipress-webapp/ipress.htm?action=downloadFile&idArchivo=Fotografia_3252_29378523_1435159930961.png;
GOBIERNO REGIONAL;3255;VALLECITO;CENTROS DE SALUD O CENTROS MEDICOS;ESTABLECIMIENTO DE SALUD SIN INTERNAMIENTO;PUNO;PUNO;PUNO;210101;BARRIO VALLECITO;29;150;967;PUNO;PUNO;METROPOLITANO;919;SALUD PUNO;I-3;352790;7:00 - 19:00;23/04/1986;ACTIVO;-15.82941167;-70.020545;http://app20.susalud.gob.pe:8080/registro-renipress-webapp/ipress.htm?action=downloadFile&idArchivo=Fotografia_3255_29378523_1435158780822.png;;http://app20.susalud.gob.pe:8080/registro-renipress-webapp/ipress.htm?action=downloadFile&idArchivo=Fotografia_3255_29378523_1435158834490.png;;http://app20.susalud.gob.pe:8080/registro-renipress-webapp/ipress.htm?action=downloadFile&idArchivo=Fotografia_3255_29378523_1435158844695.png;
GOBIERNO REGIONAL;3257;HABITH HUMANITY;PUESTOS DE SALUD O POSTAS DE SALUD;ESTABLECIMIENTO DE SALUD SIN INTERNAMIENTO;PUNO;PUNO;PUNO;210101;AV. TIQUILLACA KM.6;29;150;968;PUNO;PUNO;JOSE ANTONIO ENCINAS;919;SALUD PUNO;I-2;980726407;7:00 - 19:00;20/12/1993;ACTIVO;-15.82056667;-70.05205833;http://app20.susalud.gob.pe:8080/registro-renipress-webapp/ipress.htm?action=downloadFile&idArchivo=Fotografia_3257_29378523_1435161570631.png;24/06/2015 00:00;http://app20.susalud.gob.pe:8080/registro-renipress-webapp/ipress.htm?action=downloadFile&idArchivo=Fotografia_3257_29378523_1435161686334.png;24/06/2015 00:00;http://app20.susalud.gob.pe:8080/registro-renipress-webapp/ipress.htm?action=downloadFile&idArchivo=Fotografia_3257_29378523_1435161708331.png;24/06/2015 00:00
GOBIERNO REGIONAL;3261;LOS UROS;PUESTOS DE SALUD O POSTAS DE SALUD;ESTABLECIMIENTO DE SALUD SIN INTERNAMIENTO;PUNO;PUNO;PUNO;210101;ISLA FLOTANTE UROS;29;150;967;PUNO;PUNO;METROPOLITANO;919;SALUD PUNO;I-1;950790430;8:00 - 14:00;20/02/1990;ACTIVO;-15.8402218;-70.0218805;http://app20.susalud.gob.pe:8080/registro-renipress-webapp/ipress.htm?action=downloadFile&idArchivo=INSASU20181128211916.jpg;;;;;
GOBIERNO REGIONAL;3262;LLAVINI;PUESTOS DE SALUD O POSTAS DE SALUD;ESTABLECIMIENTO DE SALUD SIN INTERNAMIENTO;PUNO;PUNO;PUNO;210101;ACTUALIZAR;;150;962;;PUNO;PUNO;919;SALUD PUNO;0;ACTUALIZAR;ACTUALIZAR;1/01/1900;BAJA DEFINITIVA;;;;;;;;
GOBIERNO REGIONAL;3265;SIMON BOLIVAR;CENTROS DE SALUD O CENTROS MEDICOS;ESTABLECIMIENTO DE SALUD SIN INTERNAMIENTO;PUNO;PUNO;PUNO;210101;ASENTAMIENTO HUIMANO SIMON BOLIVAR MANZANA Ñ LOTE 9;29;150;969;PUNO;PUNO;SIMON BOLIVAR;919;SALUD PUNO;I-3;051-352378;7:00 - 19:00;22/04/1986;ACTIVO;-15.86454333;-70.01235833;http://app20.susalud.gob.pe:8080/registro-renipress-webapp/ipress.htm?action=downloadFile&idArchivo=Fotografia_3265_29378523_1435163624508.png;;http://app20.susalud.gob.pe:8080/registro-renipress-webapp/ipress.htm?action=downloadFile&idArchivo=Fotografia_3265_29378523_1435163709277.png;;http://app20.susalud.gob.pe:8080/registro-renipress-webapp/ipress.htm?action=downloadFile&idArchivo=Fotografia_3265_29378523_1435163723447.png;
GOBIERNO REGIONAL;3266;VIRGEN DE LA CANDELARIA;PUESTOS DE SALUD O POSTAS DE SALUD;ESTABLECIMIENTO DE SALUD SIN INTERNAMIENTO;PUNO;PUNO;PUNO;210101;ALTO PUNO;29;150;968;PUNO;PUNO;JOSE ANTONIO ENCINAS;919;SALUD PUNO;I-2;957493183;7:00 - 19:00;30/01/1996;ACTIVO;-15.82896833;-70.03500167;http://app20.susalud.gob.pe:8080/registro-renipress-webapp/ipress.htm?action=downloadFile&idArchivo=Fotografia_3266_29378523_1435160398031.png;24/06/2015 00:00;http://app20.susalud.gob.pe:8080/registro-renipress-webapp/ipress.htm?action=downloadFile&idArchivo=Fotografia_3266_29378523_1435160413329.png;24/06/2015 00:00;http://app20.susalud.gob.pe:8080/registro-renipress-webapp/ipress.htm?action=downloadFile&idArchivo=Fotografia_3266_29378523_1435160456932.png;24/06/2015 00:00
GOBIERNO REGIONAL;3267;YANAMAYO;PUESTOS DE SALUD O POSTAS DE SALUD;ESTABLECIMIENTO DE SALUD SIN INTERNAMIENTO;PUNO;PUNO;PUNO;210101;ACTUALIZAR;;150;962;;PUNO;PUNO;919;SALUD PUNO;0;ACTUALIZAR;ACTUALIZAR;1/01/1900;BAJA DEFINITIVA;;;;;;;;
PRIVADO;30247;"CENTRO MEDICO ESPECIALIZADO EN GASTROENTEROLOGIA Y ENDOSCOPIA DIGESTIVA ""ENDOGASTRO""";CENTROS MEDICOS ESPECIALIZADOS;ESTABLECIMIENTO DE SALUD SIN INTERNAMIENTO;PUNO;PUNO;PUNO;210101;PEDRO MIGUEL URBINA 1ER PISO;29;;;PUNO;;;;;I-3;972709361;07:30 - 19:30;26/07/2021;ACTIVO;-15.8470452;-70.0235465;http://app20.susalud.gob.pe:8080/registro-renipress-webapp/ipress.htm?action=downloadFile&idArchivo=INSASU20241009110836.jpeg;;http://app20.susalud.gob.pe:8080/registro-renipress-webapp/ipress.htm?action=downloadFile&idArchivo=INSASU20241009110842.jpeg;;http://app20.susalud.gob.pe:8080/registro-renipress-webapp/ipress.htm?action=downloadFile&idArchivo=INSASU20241009110849.jpeg;
SANIDAD DE LA POLICIA NACIONAL DEL PERU;10235;POLICLINICO DE SALUD PNP-PUNO;POLICLINICOS;ESTABLECIMIENTO DE SALUD SIN INTERNAMIENTO;PUNO;PUNO;PUNO;210101;AV. JULIACA S/N ALTO HUASCAR;29;;0;PUNO;;NO PERTENECE A NINGUNA MICRORED;;;I-3;051-364512;07:30 - 19:30;6/06/1965;ACTIVO;-15.8416987;-70.0201942;http://app20.susalud.gob.pe:8080/registro-renipress-webapp/ipress.htm?action=downloadFile&idArchivo=INSASU20190725083024.jpg;;http://app20.susalud.gob.pe:8080/registro-renipress-webapp/ipress.htm?action=downloadFile&idArchivo=INSASU20190725083036.jpg;;;
GOBIERNO REGIONAL;3256;MARCA JILAPUNTA;PUESTOS DE SALUD O POSTAS DE SALUD;ESTABLECIMIENTO DE SALUD SIN INTERNAMIENTO;PUNO;PUNO;PUNO;210101;ACTUALIZAR;;150;962;;PUNO;PUNO;;;0;ACTUALIZAR;ACTUALIZAR;1/01/1900;BAJA DEFINITIVA;;;;;;;;
PRIVADO;29156;policlinico virgen de guadalupe sur S.A.C;POLICLINICOS;ESTABLECIMIENTO DE SALUD SIN INTERNAMIENTO;PUNO;PUNO;PUNO;210101;salcedo;29;;0;PUNO;;NO PERTENECE A NINGUNA MICRORED;;;I-3;999931050;8:00 - 18:00;10/12/2020;ACTIVO;-15.8437999;-70.0271981;http://app20.susalud.gob.pe:8080/registro-renipress-webapp/ipress.htm?action=downloadFile&idArchivo=INSASU20240225161109.jpeg;;;;;
PRIVADO;18037;CLINICA VIDA SALUD OCUPACIONAL Y MEDICINA COMPLEMENTARIA;CENTROS DE SALUD CON CAMAS DE INTERNAMIENTO;ESTABLECIMIENTO DE SALUD CON INTERNAMIENTO;PUNO;PUNO;PUNO;210101;JR CARABAYA N°152;;0;0;;NO PERTENECE A NINGUNA RED;NO PERTENECE A NINGUNA MICRORED;;;0;051-355654;9:00 A 21:00;10/02/2014;CIERRE TEMPORAL DE OFICIO;;;;;;;;
PRIVADO;17967;SOL SALUD;CENTROS DE SALUD O CENTROS MEDICOS;ESTABLECIMIENTO DE SALUD SIN INTERNAMIENTO;PUNO;PUNO;PUNO;210101;AV. EL SOL 1494;;0;0;;NO PERTENECE A NINGUNA RED;NO PERTENECE A NINGUNA MICRORED;;;0;949799861;7:00 - 21:00;28/01/2014;CIERRE TEMPORAL DE OFICIO;;;;;;;;
PRIVADO;11636;BELLADENTIS;CENTRO ODONTOLOGICO;ESTABLECIMIENTO DE SALUD SIN INTERNAMIENTO;PUNO;PUNO;PUNO;210101;AV.LAYKAKOTA Nº 147  SEGUNDO PISO - Nº 8;29;;0;PUNO;;NO PERTENECE A NINGUNA MICRORED;;;I-1;999029869;9:00 - 18:00;19/01/2011;ACTIVO;-15.84648715;-70.02147141;http://app20.susalud.gob.pe:8080/registro-renipress-webapp/ipress.htm?action=downloadFile&idArchivo=INSASU20250409153216.jpg;;http://app20.susalud.gob.pe:8080/registro-renipress-webapp/ipress.htm?action=downloadFile&idArchivo=INSASU20250409153231.jpg;;http://app20.susalud.gob.pe:8080/registro-renipress-webapp/ipress.htm?action=downloadFile&idArchivo=INSASU20250409153240.jpg;
PRIVADO;11422;INSTITUTO DE MEDICINA BIOLOGICA NATURAL BIOSALUD;CENTROS DE SALUD O CENTROS MEDICOS;ESTABLECIMIENTO DE SALUD SIN INTERNAMIENTO;PUNO;PUNO;PUNO;210101;JIRON LAMPA Nº 441 -PUNO;;0;0;;NO PERTENECE A NINGUNA RED;NO PERTENECE A NINGUNA MICRORED;;;0;951-563033;9:00 - 19:00;15/05/2009;CIERRE TEMPORAL DE OFICIO;;;;;;;;
ESSALUD;11815;CENTRO DE ATENCIÓN DE MEDICINA COMPLEMENTARIA;PUESTOS DE SALUD O POSTAS DE SALUD;ESTABLECIMIENTO DE SALUD SIN INTERNAMIENTO;PUNO;PUNO;PUNO;210101;JR. LAMPA 156. BARRIO BELLAVISTA;29;0;0;PUNO;NO PERTENECE A NINGUNA RED;NO PERTENECE A NINGUNA MICRORED;;;0;051-364464;LUNES A VIERNES 08:0;1/06/1999;ACTIVO;;;;;;;;
PRIVADO;30221;CLINICA ESPECIALIZADA DENTAL MERCADO ODONTOLOGIA DE ALTA CALIDAD E.I.R.L.;CENTRO ODONTOLOGICO;ESTABLECIMIENTO DE SALUD SIN INTERNAMIENTO;PUNO;PUNO;PUNO;210101;PARDO;;;;;;;;;I-2;989071293;09:00 - 20:00;2/08/2021;CIERRE TEMPORAL DE OFICIO;-15.8360856;-70.0302132;http://app20.susalud.gob.pe:8080/registro-renipress-webapp/ipress.htm?action=downloadFile&idArchivo=INSASU20210813140034.jpeg;;http://app20.susalud.gob.pe:8080/registro-renipress-webapp/ipress.htm?action=downloadFile&idArchivo=INSASU20210813140127.jpeg;;;
PRIVADO;9263;CENTRO ODONTOLOGICO;CENTROS DE SALUD O CENTROS MEDICOS;ESTABLECIMIENTO DE SALUD SIN INTERNAMIENTO;PUNO;PUNO;PUNO;210101;JIRON CANDELARIA Nº 162;29;0;0;PUNO;NO PERTENECE A NINGUNA RED;NO PERTENECE A NINGUNA MICRORED;;;I-1;051-951762227;16.00 . 21.00;23/08/2009;ACTIVO;;;;;;;;
PRIVADO;8878;CENTRO MEDICO VIRGEN DE CANCHARANI S.R.L.;CENTROS DE SALUD O CENTROS MEDICOS;ESTABLECIMIENTO DE SALUD SIN INTERNAMIENTO;PUNO;PUNO;PUNO;210101;JIRON HUANCANÉ 308 CERCADO;;0;0;;NO PERTENECE A NINGUNA RED;NO PERTENECE A NINGUNA MICRORED;;;0;051-365653;8:00 - 17:00;1/06/2008;CIERRE TEMPORAL DE OFICIO;;;;;;;;
PRIVADO;10245;CENTRO ODONTOLOGICO CALIDADENT;CONSULTORIOS MEDICOS Y DE OTROS PROFESIONALES DE LA SALUD;ESTABLECIMIENTO DE SALUD SIN INTERNAMIENTO;PUNO;PUNO;PUNO;210101;JIRON DEUSTUA Nº109 - SEGUNDO PISO;29;0;0;PUNO;NO PERTENECE A NINGUNA RED;NO PERTENECE A NINGUNA MICRORED;;;0;051-783103;9.00 - 20.00;1/03/2010;ACTIVO;;;;;;;;
PRIVADO;8879;CENTRO MEDICO SEÑOR DE LOS MILAGROS S.A.C.;CENTROS DE SALUD O CENTROS MEDICOS;ESTABLECIMIENTO DE SALUD SIN INTERNAMIENTO;PUNO;PUNO;PUNO;210101;JIRON LIMA Nº 854-  SEGUNDO PISO;;0;0;;NO PERTENECE A NINGUNA RED;NO PERTENECE A NINGUNA MICRORED;;;0;051-351731;8:00 - 18:00;12/10/2009;CIERRE TEMPORAL DE OFICIO;;;;;;;;
ESSALUD;9215;HOSPITAL BASE III  PUNO - RED ASISTENCIAL PUNO;HOSPITALES O CLINICAS DE ATENCION GENERAL;ESTABLECIMIENTO DE SALUD CON INTERNAMIENTO;PUNO;PUNO;PUNO;210101;JR. FRANCISCO CACERES JARA Nº 600 - DEL PARQUE INDUSTRIAL SALCEDO;29;0;0;PUNO;NO PERTENECE A NINGUNA RED;NO PERTENECE A NINGUNA MICRORED;;;II-2;51352661;24 HORAS;24/08/1974;ACTIVO;-15.87305667;-69.99991;http://app20.susalud.gob.pe:8080/registro-renipress-webapp/ipress.htm?action=downloadFile&idArchivo=INSASU20241217115009.jpg;;;;;
PRIVADO;25265;CENTRO MEDICO SAN REMO;CENTROS DE SALUD O CENTROS MEDICOS;ESTABLECIMIENTO DE SALUD SIN INTERNAMIENTO;PUNO;PUNO;PUNO;210101;TACNA;29;;;PUNO;;;;;I-3;951603160;08:00 - 18:00 ;2/02/2018;ACTIVO;-15.84040242;-70.02546393;http://app20.susalud.gob.pe:8080/registro-renipress-webapp/ipress.htm?action=downloadFile&idArchivo=INSASU20180501094125.jpg;;http://app20.susalud.gob.pe:8080/registro-renipress-webapp/ipress.htm?action=downloadFile&idArchivo=INSASU20180501094129.jpg;;;
PRIVADO;8918;CENTRO MEDICO CORDOBA E.I.R.L.;CENTROS DE SALUD O CENTROS MEDICOS;ESTABLECIMIENTO DE SALUD SIN INTERNAMIENTO;PUNO;PUNO;PUNO;210101;JR. AREQUIPA 827;29;0;0;PUNO;NO PERTENECE A NINGUNA RED;NO PERTENECE A NINGUNA MICRORED;;;0;051-366876;8:30 A.M. - 3:00 P.M;9/10/1997;ACTIVO;;;;;;;;
SANIDAD DE LA MARINA DE GUERRA DEL PERU;10079;POSTA NAVAL DE LA CAPITANIA DE PUERTO DE PUNO;PUESTOS DE SALUD O POSTAS DE SALUD;ESTABLECIMIENTO DE SALUD SIN INTERNAMIENTO;PUNO;PUNO;PUNO;210101;AV EL SOL 725 BARRIO PORTENO;29;0;0;PUNO;NO PERTENECE A NINGUNA RED;NO PERTENECE A NINGUNA MICRORED;;;I-2;51951601874;8:00 - 17:00;1/12/1991;ACTIVO;;;;;;;;
PRIVADO;9770;MEDICENTRO TOURIST´S  HEALTH;CENTROS DE SALUD CON CAMAS DE INTERNAMIENTO;ESTABLECIMIENTO DE SALUD CON INTERNAMIENTO;PUNO;PUNO;PUNO;210101;JIRON MOQUEGUA Nº 191;29;0;0;PUNO;NO PERTENECE A NINGUNA RED;NO PERTENECE A NINGUNA MICRORED;;;I-3;051-777105;8:00 - 20:00;23/10/2006;ACTIVO;-15.83852;-70.02684;http://app20.susalud.gob.pe:8080/registro-renipress-webapp/ipress.htm?action=downloadFile&idArchivo=INSASU20171108191346.jpg;;http://app20.susalud.gob.pe:8080/registro-renipress-webapp/ipress.htm?action=downloadFile&idArchivo=INSASU20171108191358.jpg;;http://app20.susalud.gob.pe:8080/registro-renipress-webapp/ipress.htm?action=downloadFile&idArchivo=INSASU20171108191422.jpg;
PRIVADO;10124;CENTRO MEDICO ESPECIALIZADO;CENTROS MEDICOS ESPECIALIZADOS;ESTABLECIMIENTO DE SALUD SIN INTERNAMIENTO;PUNO;PUNO;PUNO;210101;JR. TACNA Nº 907 BARRIO VICTORIA;;0;0;;NO PERTENECE A NINGUNA RED;NO PERTENECE A NINGUNA MICRORED;;;0;051-368855;4:00 - 20:00;12/06/2002;CIERRE TEMPORAL DE OFICIO;;;;;;;;
PRIVADO;10253;CONSULTORIO NATURISTA AZTOR;CENTROS DE MEDICINA ALTERNATIVA;SERVICIO MÉDICO DE APOYO;PUNO;PUNO;PUNO;210101;JR. PILCUYO Nº 135;;0;0;;NO PERTENECE A NINGUNA RED;NO PERTENECE A NINGUNA MICRORED;;;0;051-053380;7:00 - 17:00;2/05/1985;CIERRE TEMPORAL DE OFICIO;;;;;;;;
PRIVADO;10139;CARDIOCENTRO SUR E.I.R.L.;CENTROS DE SALUD CON CAMAS DE INTERNAMIENTO;ESTABLECIMIENTO DE SALUD CON INTERNAMIENTO;PUNO;PUNO;PUNO;210101;JR. AREQUIPA Nº 429;;0;0;;NO PERTENECE A NINGUNA RED;NO PERTENECE A NINGUNA MICRORED;;;0;951770599;8:00 -20:00;1/07/2008;CIERRE TEMPORAL DE OFICIO;-15.84095953;-70.02310483;http://app20.susalud.gob.pe:8080/registro-renipress-webapp/ipress.htm?action=downloadFile&idArchivo=INSASU20180505212342.jpg;;http://app20.susalud.gob.pe:8080/registro-renipress-webapp/ipress.htm?action=downloadFile&idArchivo=INSASU20180505212354.jpg;;http://app20.susalud.gob.pe:8080/registro-renipress-webapp/ipress.htm?action=downloadFile&idArchivo=INSASU20180505212402.jpg;
PRIVADO;10040;"CENTRO ODONTOLOGICO ""ODONTOART""";CENTROS DE SALUD O CENTROS MEDICOS;ESTABLECIMIENTO DE SALUD SIN INTERNAMIENTO;PUNO;PUNO;PUNO;210101;JR. TACNA Nº 139 - TERCER PISO;29;0;0;PUNO;NO PERTENECE A NINGUNA RED;NO PERTENECE A NINGUNA MICRORED;;;0;051-786251;9:00- 21:00;3/04/2009;ACTIVO;;;;;;;;
PRIVADO;9877;CENTRO MEDICO ESPECIALIZADO EN DIAGNOSTICO;CENTROS MEDICOS ESPECIALIZADOS;ESTABLECIMIENTO DE SALUD SIN INTERNAMIENTO;PUNO;PUNO;PUNO;210101;JR. MOQUEGUA Nº 571 - PUNO;29;0;0;PUNO;NO PERTENECE A NINGUNA RED;NO PERTENECE A NINGUNA MICRORED;;;0;051-353175;8:00 - 20:00;15/04/2001;ACTIVO;;;;;;;;
PRIVADO;10121;OXIGEN MEDICAL NETWORK EIRL;CENTROS DE SALUD O CENTROS MEDICOS;ESTABLECIMIENTO DE SALUD SIN INTERNAMIENTO;PUNO;PUNO;PUNO;210101;JIRON LAMBAYEQUE Nº 261;29;0;0;PUNO;NO PERTENECE A NINGUNA RED;NO PERTENECE A NINGUNA MICRORED;;;0;051-364960;24 HORAS;15/04/2009;ACTIVO;;;;;;;;
PRIVADO;10122;"CENTRO ODONTOLOGICO ""SAYUMA""";CENTROS DE SALUD O CENTROS MEDICOS;ESTABLECIMIENTO DE SALUD SIN INTERNAMIENTO;PUNO;PUNO;PUNO;210101;JR. 20 DE JULIO Nº 136 URBANIZACION CHANU CHANU;29;0;0;PUNO;NO PERTENECE A NINGUNA RED;NO PERTENECE A NINGUNA MICRORED;;;0;051-950798453;9:00 - 20:00;20/07/2008;ACTIVO;;;;;;;;
GOBIERNO REGIONAL;9190;PUESTO DE SALUD HABITH HUMANITY-PUNO;PUESTOS DE SALUD O POSTAS DE SALUD;ESTABLECIMIENTO DE SALUD SIN INTERNAMIENTO;PUNO;PUNO;PUNO;210101;CIUDAD LA HUMANIDAD TOTORANI KILOMETRO 6;;0;0;;NO PERTENECE A NINGUNA RED;NO PERTENECE A NINGUNA MICRORED;;;I-1;951-352753;8.00 - 18.00;20/12/1993;BAJA DEFINITIVA;;;;;;;;
PRIVADO;10572;ODAM DENTAL GROUP S.A.C.;CENTROS DE SALUD O CENTROS MEDICOS;ESTABLECIMIENTO DE SALUD SIN INTERNAMIENTO;PUNO;PUNO;PUNO;210101;JR. TACNA 516;;0;0;;NO PERTENECE A NINGUNA RED;NO PERTENECE A NINGUNA MICRORED;;;0;51-368028;9.30-12.00   15.30-2;2/08/2010;CIERRE TEMPORAL DE OFICIO;;;;;;;;
PRIVADO;10167;CONSULTORIOS ESPECIALIZADOS;CENTROS MEDICOS ESPECIALIZADOS;ESTABLECIMIENTO DE SALUD SIN INTERNAMIENTO;PUNO;PUNO;PUNO;210101;AV. EL SON Nº 1023 2DO PISO;29;0;0;PUNO;NO PERTENECE A NINGUNA RED;NO PERTENECE A NINGUNA MICRORED;;;0;051-951310948;9:00 - 18:00;10/05/2008;ACTIVO;;;;;;;;
PRIVADO;10078;CENTRO MEDICO MI ANGEL;POLICLINICOS;ESTABLECIMIENTO DE SALUD SIN INTERNAMIENTO;PUNO;PUNO;PUNO;210101;AV. EL SOL Nº 1371;;0;0;;NO PERTENECE A NINGUNA RED;NO PERTENECE A NINGUNA MICRORED;;;0;01-975375044;24 HORAS;1/01/2010;CIERRE TEMPORAL DE OFICIO;;;;;;;;
PRIVADO;10032;SERVICIOS MEDICOS SAN ANTONIO SAC.;CENTROS DE SALUD O CENTROS MEDICOS;ESTABLECIMIENTO DE SALUD SIN INTERNAMIENTO;PUNO;PUNO;PUNO;210101;JR. AREQUIPA Nº 898;;0;0;;NO PERTENECE A NINGUNA RED;NO PERTENECE A NINGUNA MICRORED;;;0;051-352488;8:00 - 15:00;30/06/2004;CIERRE TEMPORAL DE OFICIO;;;;;;;;
PRIVADO;10379;CENTRO  ODONTOLOGICO AMERICANO - PUNO;CONSULTORIOS MEDICOS Y DE OTROS PROFESIONALES DE LA SALUD;ESTABLECIMIENTO DE SALUD SIN INTERNAMIENTO;PUNO;PUNO;PUNO;210101;JIRON DEUSTUA 754;29;0;0;PUNO;NO PERTENECE A NINGUNA RED;NO PERTENECE A NINGUNA MICRORED;;;I-1;(051)-366390;9:00- 20:00;29/01/2004;ACTIVO;-15.8410613;-70.0301656;http://app20.susalud.gob.pe:8080/registro-renipress-webapp/ipress.htm?action=downloadFile&idArchivo=INSASU20250630173341.jpeg;;http://app20.susalud.gob.pe:8080/registro-renipress-webapp/ipress.htm?action=downloadFile&idArchivo=INSASU20250630173344.jpeg;;http://app20.susalud.gob.pe:8080/registro-renipress-webapp/ipress.htm?action=downloadFile&idArchivo=INSASU20250630173347.jpeg;
PRIVADO;9683;CLINICA PROSALUD;CENTROS DE SALUD CON CAMAS DE INTERNAMIENTO;ESTABLECIMIENTO DE SALUD CON INTERNAMIENTO;PUNO;PUNO;PUNO;210101;JR JOSE CARLOS MARIATEGUI 253;29;0;0;PUNO;NO PERTENECE A NINGUNA RED;NO PERTENECE A NINGUNA MICRORED;;;I-4;(51) 951924381;08:00 - 20:00;1/10/2007;ACTIVO;-15.83309731;-70.02168738;http://app20.susalud.gob.pe:8080/registro-renipress-webapp/ipress.htm?action=downloadFile&idArchivo=INSASU20241018101642.jpeg;;http://app20.susalud.gob.pe:8080/registro-renipress-webapp/ipress.htm?action=downloadFile&idArchivo=INSASU20180514062341.JPG;;http://app20.susalud.gob.pe:8080/registro-renipress-webapp/ipress.htm?action=downloadFile&idArchivo=INSASU20180514062912.JPG;
PRIVADO;10037;CENTRO ODONTOLOGICO CONFIDENT;CENTROS DE SALUD O CENTROS MEDICOS;ESTABLECIMIENTO DE SALUD SIN INTERNAMIENTO;PUNO;PUNO;PUNO;210101;JR. TACNA Nº 230 - 2DO PISO;29;0;0;PUNO;NO PERTENECE A NINGUNA RED;NO PERTENECE A NINGUNA MICRORED;;;0;051-364553;9:00 -21:00;15/01/2009;ACTIVO;;;;;;;;
PRIVADO;20703;CENTRO MEDICO PACIFICO DEL SUR E.I.R.L.;CENTROS DE SALUD O CENTROS MEDICOS;ESTABLECIMIENTO DE SALUD SIN INTERNAMIENTO;PUNO;PUNO;PUNO;210101;JIRON HUANCANE N° 309;;0;0;;NO PERTENECE A NINGUNA RED;NO PERTENECE A NINGUNA MICRORED;;;0;051-354814;8:00 - 18:00;22/06/2015;CIERRE TEMPORAL DE OFICIO;;;;;;;;
PRIVADO;19188;"CLÍNICA INTERNACIONAL ""LAS KALAS""";HOSPITALES O CLINICAS DE ATENCION GENERAL;ESTABLECIMIENTO DE SALUD CON INTERNAMIENTO;PUNO;PUNO;PUNO;210101;JIRÓN TACNA 890;;0;0;;NO PERTENECE A NINGUNA RED;NO PERTENECE A NINGUNA MICRORED;;;0;051-354235;24 HORAS;2/02/2013;CIERRE TEMPORAL DE OFICIO;;;;;;;;
PRIVADO;24950;CENTRO MEDICO SAN ANTONIO DE AQUINO;CENTROS DE SALUD O CENTROS MEDICOS;ESTABLECIMIENTO DE SALUD SIN INTERNAMIENTO;PUNO;PUNO;PUNO;210101;AREQUIPA;;0;0;;NO PERTENECE A NINGUNA RED;NO PERTENECE A NINGUNA MICRORED;;;I-3;965150631;8:00 - 18:00;25/02/2018;CIERRE TEMPORAL DE OFICIO;-15.8418887;-70.02657168;http://app20.susalud.gob.pe:8080/registro-renipress-webapp/ipress.htm?action=downloadFile&idArchivo=INSASU20180523160016.jpg;;;;;
PRIVADO;24930;CONSULTORIO ODONTOLOGICO STETIC DENT;CONSULTORIOS MEDICOS Y DE OTROS PROFESIONALES DE LA SALUD;ESTABLECIMIENTO DE SALUD SIN INTERNAMIENTO;PUNO;PUNO;PUNO;210101;puno;29;0;0;PUNO;NO PERTENECE A NINGUNA RED;NO PERTENECE A NINGUNA MICRORED;;;I-1;940191924;9:00 - 20:00;11/01/2018;ACTIVO;;;;;;;;
PRIVADO;24439;CENTRO MEDICO BEDNA NIÑO JESUS;CENTROS DE SALUD O CENTROS MEDICOS;ESTABLECIMIENTO DE SALUD SIN INTERNAMIENTO;PUNO;PUNO;PUNO;210101;AREQUIPA;;0;0;;NO PERTENECE A NINGUNA RED;NO PERTENECE A NINGUNA MICRORED;;;I-3;51620054;08:00 - 17:00;27/12/2016;CIERRE TEMPORAL DE OFICIO;-15.84148617;-70.02659046;http://app20.susalud.gob.pe:8080/registro-renipress-webapp/ipress.htm?action=downloadFile&idArchivo=INSASU20180601090540.jpg;;;;;
GOBIERNO REGIONAL;24337;PIAS LAGO TITICACA I;CONSULTORIOS MEDICOS Y DE OTROS PROFESIONALES DE LA SALUD;ESTABLECIMIENTO DE SALUD SIN INTERNAMIENTO;PUNO;PUNO;PUNO;210101;MUELLE DEL LAGO TITICACA;29;0;0;PUNO;NO PERTENECE A NINGUNA RED;NO PERTENECE A NINGUNA MICRORED;914;SALUD PUNO - LAMPA;I-3;979242355;8:00 - 18:00;1/09/2017;ACTIVO;-15.83537325;-70.01481556;http://app20.susalud.gob.pe:8080/registro-renipress-webapp/ipress.htm?action=downloadFile&idArchivo=INSASU20171019102350.jpg;;http://app20.susalud.gob.pe:8080/registro-renipress-webapp/ipress.htm?action=downloadFile&idArchivo=INSASU20171019102746.jpg;;http://app20.susalud.gob.pe:8080/registro-renipress-webapp/ipress.htm?action=downloadFile&idArchivo=INSASU20171019102629.jpg;
GOBIERNO REGIONAL;3263;PUERTO PUNO;PUESTOS DE SALUD O POSTAS DE SALUD;ESTABLECIMIENTO DE SALUD SIN INTERNAMIENTO;PUNO;PUNO;PUNO;210101;PUERTO PUNO;29;150;967;PUNO;PUNO;METROPOLITANO;919;SALUD PUNO;I-2;051 - 353052;7:00 - 19:00;22/12/1996;ACTIVO;-15.83569;-70.01544667;http://app20.susalud.gob.pe:8080/registro-renipress-webapp/ipress.htm?action=downloadFile&idArchivo=Fotografia_3263_29378523_1435158291680.png;24/06/2015 00:00;http://app20.susalud.gob.pe:8080/registro-renipress-webapp/ipress.htm?action=downloadFile&idArchivo=Fotografia_3263_29378523_1435158375446.png;24/06/2015 00:00;http://app20.susalud.gob.pe:8080/registro-renipress-webapp/ipress.htm?action=downloadFile&idArchivo=Fotografia_3263_29378523_1435158398403.png;24/06/2015 00:00
PRIVADO;24482;CENTRO ODONTOLOGICO VITALY;CENTRO ODONTOLOGICO;ESTABLECIMIENTO DE SALUD SIN INTERNAMIENTO;PUNO;PUNO;PUNO;210101;OQUENDO;29;0;0;PUNO;NO PERTENECE A NINGUNA RED;NO PERTENECE A NINGUNA MICRORED;;;I-2;(51)367203;9:00 - 21:00;5/01/2017;ACTIVO;;;;;;;;
PRIVADO;29819;CONSULTORIO DE MEDICINA NATURAL AZTOR;CENTROS DE MEDICINA ALTERNATIVA;SERVICIO MÉDICO DE APOYO;PUNO;PUNO;PUNO;210101;PILCUYO;29;;;PUNO;;;;;0;986228291;08:00 hrs - 14:00 hr;28/06/2021;ACTIVO;-15.8456556;-70.0188388;http://app20.susalud.gob.pe:8080/registro-renipress-webapp/ipress.htm?action=downloadFile&idArchivo=INSASU20210628194612.jpg;;http://app20.susalud.gob.pe:8080/registro-renipress-webapp/ipress.htm?action=downloadFile&idArchivo=INSASU20210628194619.jpg;;http://app20.susalud.gob.pe:8080/registro-renipress-webapp/ipress.htm?action=downloadFile&idArchivo=INSASU20210628194624.jpg;
PRIVADO;12212;CENTRO MEDICO ARCANGEL PUNO1;CENTROS DE SALUD O CENTROS MEDICOS;ESTABLECIMIENTO DE SALUD SIN INTERNAMIENTO;PUNO;PUNO;PUNO;210101;AVENIDA LAYKAKOTA NO 141;;0;0;;NO PERTENECE A NINGUNA RED;NO PERTENECE A NINGUNA MICRORED;;;0;*438034;9 :00 - 20:00;15/03/2011;CIERRE TEMPORAL DE OFICIO;;;;;;;;
PRIVADO;12211;POLICLINICO VIRGEN DE COPACABANA - PERU E.I.R.L.;POLICLINICOS;ESTABLECIMIENTO DE SALUD SIN INTERNAMIENTO;PUNO;PUNO;PUNO;210101;JR. HUANCANE Nº 308;;0;0;;NO PERTENECE A NINGUNA RED;NO PERTENECE A NINGUNA MICRORED;;;I-2;051-354814;8:00 - 15:00;1/08/2011;CIERRE TEMPORAL DE OFICIO;;;;;;;;
PRIVADO;21662;CENTRO ODONTOLOGICO Y SERVICIOS MULTIPLES ODONTOLIFE SOCIEDAD ANONIMA CERRADA;CENTRO ODONTOLOGICO;ESTABLECIMIENTO DE SALUD SIN INTERNAMIENTO;PUNO;PUNO;PUNO;210101;URB. APROVI I-6;;0;0;;NO PERTENECE A NINGUNA RED;NO PERTENECE A NINGUNA MICRORED;;;I-1;051355805/949625630;8:00 AM - 8:00 PM;23/11/2015;CIERRE TEMPORAL DE OFICIO;;;;;;;;
PRIVADO;19327;CONSULTORIO DE MEDICINA NATURAL E INTEGRATIVA ALLIN HAMPII;CONSULTORIOS MEDICOS Y DE OTROS PROFESIONALES DE LA SALUD;ESTABLECIMIENTO DE SALUD SIN INTERNAMIENTO;PUNO;PUNO;PUNO;210101;JR. RAMIS 360;;0;0;;NO PERTENECE A NINGUNA RED;NO PERTENECE A NINGUNA MICRORED;;;0;951647662;9:00-19:00;1/08/2014;CIERRE TEMPORAL DE OFICIO;;;;;;;;
PRIVADO;25697;FISIOVASC EIRL.;REHABILITACION;SERVICIO MÉDICO DE APOYO;PUNO;PUNO;PUNO;210101;JOSE CARLOS MARIATEGUI;29;0;0;PUNO;NO PERTENECE A NINGUNA RED;NO PERTENECE A NINGUNA MICRORED;;;0;979982234;8:00 - 18:00;5/09/2018;ACTIVO;-15.83307667;-70.02178394;http://app20.susalud.gob.pe:8080/registro-renipress-webapp/ipress.htm?action=downloadFile&idArchivo=INSASU20180829081328.jpg;;http://app20.susalud.gob.pe:8080/registro-renipress-webapp/ipress.htm?action=downloadFile&idArchivo=INSASU20180829081336.jpg;;http://app20.susalud.gob.pe:8080/registro-renipress-webapp/ipress.htm?action=downloadFile&idArchivo=INSASU20180829081339.jpg;
PRIVADO;10043;CHARISMA NISSI;CENTRO ODONTOLOGICO;ESTABLECIMIENTO DE SALUD SIN INTERNAMIENTO;PUNO;PUNO;PUNO;210101;JR. TACNA Nº 121;29;0;0;PUNO;NO PERTENECE A NINGUNA RED;NO PERTENECE A NINGUNA MICRORED;;;I-1;051-364947;10:00 - 20:00;8/11/2007;ACTIVO;-15.83751241;-70.0259816;http://app20.susalud.gob.pe:8080/registro-renipress-webapp/ipress.htm?action=downloadFile&idArchivo=INSASU20181019165830.jpg;;http://app20.susalud.gob.pe:8080/registro-renipress-webapp/ipress.htm?action=downloadFile&idArchivo=INSASU20181019165354.jpg;;http://app20.susalud.gob.pe:8080/registro-renipress-webapp/ipress.htm?action=downloadFile&idArchivo=INSASU20181019165455.jpg;
INPE;18948;ESTABLECIMIENTO DE SALUD DIVINO NIÑO JESUS DEL EP-PUNO;PUESTOS DE SALUD O POSTAS DE SALUD;ESTABLECIMIENTO DE SALUD SIN INTERNAMIENTO;PUNO;PUNO;PUNO;210101;AV TIQUILLACA KM 5 S/N;29;;0;PUNO;;NO PERTENECE A NINGUNA MICRORED;;;I-2;013214071, Anexo7338;24  HORAS;6/06/1992;ACTIVO;-15.8194556;-70.0387607;http://app20.susalud.gob.pe:8080/registro-renipress-webapp/ipress.htm?action=downloadFile&idArchivo=INSASU20231128162511.jpg;;http://app20.susalud.gob.pe:8080/registro-renipress-webapp/ipress.htm?action=downloadFile&idArchivo=INSASU20231128162515.jpg;;http://app20.susalud.gob.pe:8080/registro-renipress-webapp/ipress.htm?action=downloadFile&idArchivo=INSASU20231128162519.jpg;
PRIVADO;18949;VIRGEN DE LA CANDELARIA;CENTRO ODONTOLOGICO;ESTABLECIMIENTO DE SALUD SIN INTERNAMIENTO;PUNO;PUNO;PUNO;210101;JR. TACNA 965 - B;29;0;0;PUNO;NO PERTENECE A NINGUNA RED;NO PERTENECE A NINGUNA MICRORED;;;0;950874662;8:30 - 21:00;1/07/2014;ACTIVO;;;;;;;;
PRIVADO;19055;SERVI MEDIC;DIAGNOSTICO POR IMAGENES,ATENCION DOMICILIARIA;SERVICIO MÉDICO DE APOYO;PUNO;PUNO;PUNO;210101;AV. ALEJANDRO PERALTA 205 - A;29;0;0;PUNO;NO PERTENECE A NINGUNA RED;NO PERTENECE A NINGUNA MICRORED;;;0;957600250;8:00 - 18:00;25/08/2014;ACTIVO;;;;;;;;
GOBIERNO REGIONAL;14257;LABORATORIO DE REFERENCIA REGIONAL DE SALUD PUBLICA - DIRESA PUNO;PATOLOGIA CLINICA,ANATOMIA PATOLOGICA;SERVICIO MÉDICO DE APOYO;PUNO;PUNO;PUNO;210101;JR. JOSE ANTONIO ENCINAS Nª 145;29;0;0;PUNO;NO PERTENECE A NINGUNA RED;NO PERTENECE A NINGUNA MICRORED;914;SALUD PUNO - LAMPA;0;951636130;8:00 - 16:00;23/09/1995;ACTIVO;-15.84384162;-70.02189806;http://app20.susalud.gob.pe:8080/registro-renipress-webapp/ipress.htm?action=downloadFile&idArchivo=INSASU20250902151024.jpeg;;http://app20.susalud.gob.pe:8080/registro-renipress-webapp/ipress.htm?action=downloadFile&idArchivo=INSASU20250902151030.jpeg;;http://app20.susalud.gob.pe:8080/registro-renipress-webapp/ipress.htm?action=downloadFile&idArchivo=INSASU20250902151036.jpeg;
PRIVADO;21903;CENTRO MEDICO CORDOBA EIRL;CENTROS DE SALUD O CENTROS MEDICOS;ESTABLECIMIENTO DE SALUD SIN INTERNAMIENTO;PUNO;PUNO;PUNO;210101;JR. HUANCANE N° 421;29;0;0;PUNO;NO PERTENECE A NINGUNA RED;NO PERTENECE A NINGUNA MICRORED;;;I-3;051-366876;8.00 - 19.00;9/10/1997;ACTIVO;-15.8402218;-70.0218805;http://app20.susalud.gob.pe:8080/registro-renipress-webapp/ipress.htm?action=downloadFile&idArchivo=INSASU20211014180446.jpeg;;http://app20.susalud.gob.pe:8080/registro-renipress-webapp/ipress.htm?action=downloadFile&idArchivo=INSASU20211014180451.jpeg;;;
GOBIERNO REGIONAL;3258;HUERTA HUARAYA;PUESTOS DE SALUD O POSTAS DE SALUD;ESTABLECIMIENTO DE SALUD SIN INTERNAMIENTO;PUNO;PUNO;PUNO;210101;COMUNIDAD HUERTA HUARAYA;29;150;968;PUNO;PUNO;JOSE ANTONIO ENCINAS;919;SALUD PUNO;I-1;980726407;7:00 - 19:00;20/12/1993;ACTIVO;-15.8215438;-70.0339387;http://app20.susalud.gob.pe:8080/registro-renipress-webapp/ipress.htm?action=downloadFile&idArchivo=INSASU20170905114630.JPG;;;;;
PRIVADO;15649;SERVICIO MEDICO BEDNA NIÑO JESUS EMPRESA INDIVIDUAL DE RESPONSABILIDAD LIMITADA;CENTROS DE SALUD O CENTROS MEDICOS;ESTABLECIMIENTO DE SALUD SIN INTERNAMIENTO;PUNO;PUNO;PUNO;210101;JIRON AREQUIPA Nº  845-A;;0;0;;NO PERTENECE A NINGUNA RED;NO PERTENECE A NINGUNA MICRORED;;;0;951680470;8:00 - 15:00;20/01/2013;CIERRE TEMPORAL DE OFICIO;;;;;;;;
PRIVADO;19106;CLINICA DENTAL ORAL CENTER;CENTRO ODONTOLOGICO;ESTABLECIMIENTO DE SALUD SIN INTERNAMIENTO;PUNO;PUNO;PUNO;210101;ESQUINA JR. LAMPA CON AV. SIMON BOLIVAR;;0;0;;NO PERTENECE A NINGUNA RED;NO PERTENECE A NINGUNA MICRORED;;;0;995858616;8:00A.M. A 20:00P.M.;27/03/2013;CIERRE TEMPORAL DE OFICIO;;;;;;;;
PRIVADO;24580;CENTRO DE SERVICIOS MEDICOS SAN ANTONIO DE PADUA SAC;POLICLINICOS;ESTABLECIMIENTO DE SALUD SIN INTERNAMIENTO;PUNO;PUNO;PUNO;210101;AREQUIPA;;0;0;;NO PERTENECE A NINGUNA RED;NO PERTENECE A NINGUNA MICRORED;;;I-3;051-209844;8:00 - 18:00;6/03/2017;CIERRE TEMPORAL DE OFICIO;;;;;;;;
PRIVADO;9432;MEDILAB;PATOLOGIA CLINICA;SERVICIO MÉDICO DE APOYO;PUNO;PUNO;PUNO;210101;JIRON LIMA 181 - TERCER PISO CERCADO PUNO;29;0;0;PUNO;NO PERTENECE A NINGUNA RED;NO PERTENECE A NINGUNA MICRORED;;;0;051-355566;7.30 -19.00;10/06/2000;ACTIVO;-15.8390048;-70.0280446;http://app20.susalud.gob.pe:8080/registro-renipress-webapp/ipress.htm?action=downloadFile&idArchivo=INSASU20181005150503.jpg;;http://app20.susalud.gob.pe:8080/registro-renipress-webapp/ipress.htm?action=downloadFile&idArchivo=INSASU20181005150524.jpg;;http://app20.susalud.gob.pe:8080/registro-renipress-webapp/ipress.htm?action=downloadFile&idArchivo=INSASU20181005151530.jpg;
PRIVADO;24606;"Consultorio Odontologico ""SolDent""";CENTRO ODONTOLOGICO;ESTABLECIMIENTO DE SALUD SIN INTERNAMIENTO;PUNO;PUNO;PUNO;210101;Tacna;29;0;0;PUNO;NO PERTENECE A NINGUNA RED;NO PERTENECE A NINGUNA MICRORED;;;I-1;934108552;9:00 - 20:00;19/10/2016;ACTIVO;;;;;;;;
PRIVADO;9685;CLINICA PUNO;HOSPITALES O CLINICAS DE ATENCION ESPECIALIZADA;ESTABLECIMIENTO DE SALUD CON INTERNAMIENTO;PUNO;PUNO;PUNO;210101;JR RAMON CASTILLA 178 URB SAN VICENTE DE PAUL;29;0;0;PUNO;NO PERTENECE A NINGUNA RED;NO PERTENECE A NINGUNA MICRORED;;;II-1;51209467;6:00 am - 09:00 pm;27/04/2001;ACTIVO;-15.84138038;-70.02235525;http://app20.susalud.gob.pe:8080/registro-renipress-webapp/ipress.htm?action=downloadFile&idArchivo=INSASU20170912131623.jpg;;;;;
GOBIERNO REGIONAL;3264;SALCEDO;PUESTOS DE SALUD O POSTAS DE SALUD;ESTABLECIMIENTO DE SALUD SIN INTERNAMIENTO;PUNO;PUNO;PUNO;210101;RINCONADA SALCEDO MANZANA C LOTE 23;29;150;969;PUNO;PUNO;SIMON BOLIVAR;919;SALUD PUNO;I-2;980726288;7:00 - 19:00;27/08/1996;ACTIVO;-15.88670333;-70.00377667;http://app20.susalud.gob.pe:8080/registro-renipress-webapp/ipress.htm?action=downloadFile&idArchivo=Fotografia_3264_29378523_1435164564539.png;24/06/2015 00:00;http://app20.susalud.gob.pe:8080/registro-renipress-webapp/ipress.htm?action=downloadFile&idArchivo=Fotografia_3264_29378523_1435164663694.png;24/06/2015 00:00;http://app20.susalud.gob.pe:8080/registro-renipress-webapp/ipress.htm?action=downloadFile&idArchivo=Fotografia_3264_29378523_1435164701304.png;24/06/2015 00:00
PRIVADO;28741;POLICLINICO OXIMEDIC HEALTH S.A.C.;POLICLINICOS;ESTABLECIMIENTO DE SALUD SIN INTERNAMIENTO;PUNO;PUNO;PUNO;210101;LIMA;29;0;0;PUNO;NO PERTENECE A NINGUNA RED;NO PERTENECE A NINGUNA MICRORED;;;I-3;998969663;07:00-23:00;16/04/2021;ACTIVO;-15.8434424;-70.0275493;http://app20.susalud.gob.pe:8080/registro-renipress-webapp/ipress.htm?action=downloadFile&idArchivo=INSASU20240405094713.jpeg;;http://app20.susalud.gob.pe:8080/registro-renipress-webapp/ipress.htm?action=downloadFile&idArchivo=INSASU20240405094723.jpeg;;http://app20.susalud.gob.pe:8080/registro-renipress-webapp/ipress.htm?action=downloadFile&idArchivo=INSASU20240405094728.jpeg;
GOBIERNO REGIONAL;3253;CHEJOÑA;PUESTOS DE SALUD O POSTAS DE SALUD;ESTABLECIMIENTO DE SALUD SIN INTERNAMIENTO;PUNO;PUNO;PUNO;210101;JR. SIDERAL S/N CHEJOÑA;29;150;969;PUNO;PUNO;SIMON BOLIVAR;919;SALUD PUNO;I-3;051-369368;7:00 - 19:00;2/05/1986;ACTIVO;-15.863885;-70.00088667;http://app20.susalud.gob.pe:8080/registro-renipress-webapp/ipress.htm?action=downloadFile&idArchivo=Fotografia_3253_29378523_1434634011792.png;;http://app20.susalud.gob.pe:8080/registro-renipress-webapp/ipress.htm?action=downloadFile&idArchivo=Fotografia_3253_29378523_1434634268789.png;;http://app20.susalud.gob.pe:8080/registro-renipress-webapp/ipress.htm?action=downloadFile&idArchivo=Fotografia_3253_29378523_1434634305870.png;
PRIVADO;29851;CENTRO MEDICO CORDOVA;CENTROS DE SALUD O CENTROS MEDICOS;ESTABLECIMIENTO DE SALUD SIN INTERNAMIENTO;PUNO;PUNO;PUNO;210101;AREQUIPA N° 827;;;;;;;;;I-3;953704100;8:00 - 20:00;16/11/2020;CIERRE TEMPORAL DE OFICIO;-15.84141763;-70.02658219;http://app20.susalud.gob.pe:8080/registro-renipress-webapp/ipress.htm?action=downloadFile&idArchivo=INSASU20210314133402.jpeg;;;;;
PRIVADO;21035;CENTRO MEDICO PRO MUJER INC PUNO;CENTROS DE SALUD O CENTROS MEDICOS;ESTABLECIMIENTO DE SALUD SIN INTERNAMIENTO;PUNO;PUNO;PUNO;210101;AVENIDA EL SOL 185 BELLAVISTA;;0;0;;NO PERTENECE A NINGUNA RED;NO PERTENECE A NINGUNA MICRORED;;;0;051- 599120;9:00 - 18:00;21/05/2013;CIERRE TEMPORAL DE OFICIO;;;;;;;;
PRIVADO;17966;MEDICAL HEALTH HOME  PUNO;CENTROS DE SALUD CON CAMAS DE INTERNAMIENTO;ESTABLECIMIENTO DE SALUD CON INTERNAMIENTO;PUNO;PUNO;PUNO;210101;JIRÓN LIBERTAD N°739;29;0;0;PUNO;NO PERTENECE A NINGUNA RED;NO PERTENECE A NINGUNA MICRORED;;;0;984883008;08.00 - 18:00 HORAS/;15/11/2011;ACTIVO;;;;;;;;
PRIVADO;19143;CENTRO MEDICO CARLOS BARRIQUELO E.I.R.L.;CONSULTORIOS MEDICOS Y DE OTROS PROFESIONALES DE LA SALUD;ESTABLECIMIENTO DE SALUD SIN INTERNAMIENTO;PUNO;PUNO;PUNO;210101;JIRON LIMA 1023;29;0;0;PUNO;NO PERTENECE A NINGUNA RED;NO PERTENECE A NINGUNA MICRORED;;;I-3;971504012;8:00 - 18:00;25/07/2014;ACTIVO;-15.84359772;-70.02673544;http://app20.susalud.gob.pe:8080/registro-renipress-webapp/ipress.htm?action=downloadFile&idArchivo=INSASU20180220095543.jpg;;http://app20.susalud.gob.pe:8080/registro-renipress-webapp/ipress.htm?action=downloadFile&idArchivo=INSASU20180220105332.jpg;;;
PRIVADO;18254;CENTRO ODONTOLOGICO PARI'S;CENTRO ODONTOLOGICO;ESTABLECIMIENTO DE SALUD SIN INTERNAMIENTO;PUNO;PUNO;PUNO;210101;JR. TACNA 969;29;0;0;PUNO;NO PERTENECE A NINGUNA RED;NO PERTENECE A NINGUNA MICRORED;;;0;949224700;9:00 - 20:00;15/03/2014;ACTIVO;-15.8444586;-70.0225448;http://app20.susalud.gob.pe:8080/registro-renipress-webapp/ipress.htm?action=downloadFile&idArchivo=INSASU20180921120454.JPG;;;;;
PRIVADO;19366;S.O.S. FISIOTERAPIA E.I.R.L.;CONSULTORIOS MEDICOS Y DE OTROS PROFESIONALES DE LA SALUD;ESTABLECIMIENTO DE SALUD SIN INTERNAMIENTO;PUNO;PUNO;PUNO;210101;AVENIDA LAYKAKOTA 178 TERCER PISO;;0;0;;NO PERTENECE A NINGUNA RED;NO PERTENECE A NINGUNA MICRORED;;;0;051-603909 / 950399821;"9:30-13:00;16:30-20:";1/09/2014;CIERRE TEMPORAL DE OFICIO;;;;;;;;
PRIVADO;20705;ÓPTICA MEGALUZ;CENTROS DE SALUD O CENTROS MEDICOS;ESTABLECIMIENTO DE SALUD SIN INTERNAMIENTO;PUNO;PUNO;PUNO;210101;JR. AREQUIPA N° 522;;0;0;;NO PERTENECE A NINGUNA RED;NO PERTENECE A NINGUNA MICRORED;;;0;957690681;9:00 - 8:00;7/01/2014;CIERRE TEMPORAL DE OFICIO;;;;;;;;
GOBIERNO REGIONAL;7275;METROPOLITANO PUNO;CENTROS DE SALUD O CENTROS MEDICOS;ESTABLECIMIENTO DE SALUD SIN INTERNAMIENTO;PUNO;PUNO;PUNO;210101;AV. EL SOL Nº 1022;29;150;967;PUNO;PUNO;METROPOLITANO;919;SALUD PUNO;I-3;998999805;7:00 - 19:00;10/04/2008;ACTIVO;-15.84342833;-70.02131167;http://app20.susalud.gob.pe:8080/registro-renipress-webapp/ipress.htm?action=downloadFile&idArchivo=Fotografia_7275_29378523_1434391518530.png;;http://app20.susalud.gob.pe:8080/registro-renipress-webapp/ipress.htm?action=downloadFile&idArchivo=Fotografia_7275_29378523_1434391641021.png;;http://app20.susalud.gob.pe:8080/registro-renipress-webapp/ipress.htm?action=downloadFile&idArchivo=Fotografia_7275_29378523_1434391680286.png;
PRIVADO;24004;CENTRO MEDICO SR. DE HUANCA PUNO EIRL;CENTROS DE SALUD O CENTROS MEDICOS;ESTABLECIMIENTO DE SALUD SIN INTERNAMIENTO;PUNO;PUNO;PUNO;210101;AREQUIPA;29;0;0;PUNO;NO PERTENECE A NINGUNA RED;NO PERTENECE A NINGUNA MICRORED;;;I-3;(051) 638691;8 : 00  -  18: 00;1/12/2016;ACTIVO;-15.84198676;-70.0262981;http://app20.susalud.gob.pe:8080/registro-renipress-webapp/ipress.htm?action=downloadFile&idArchivo=INSASU20180922115733.jpg;;http://app20.susalud.gob.pe:8080/registro-renipress-webapp/ipress.htm?action=downloadFile&idArchivo=INSASU20180605095552.jpg;;http://app20.susalud.gob.pe:8080/registro-renipress-webapp/ipress.htm?action=downloadFile&idArchivo=INSASU20180922115824.jpg;
PRIVADO;19515;SERVIMEDIC SUR MAX E.I.R.L.;DIAGNOSTICO POR IMAGENES,CENTROS OPTICOS;SERVICIO MÉDICO DE APOYO;PUNO;PUNO;PUNO;210101;JR ALEJANDRO PERALTA 205 -A;29;0;0;PUNO;NO PERTENECE A NINGUNA RED;NO PERTENECE A NINGUNA MICRORED;;;0;957600250;24 HORAS;28/12/2014;ACTIVO;;;;;;;;
PRIVADO;19364;LABORATORIO DE ANALISIS CLINICO;CONSULTORIOS MEDICOS Y DE OTROS PROFESIONALES DE LA SALUD;ESTABLECIMIENTO DE SALUD SIN INTERNAMIENTO;PUNO;PUNO;PUNO;210101;JR. RICARDO PALMA Nº147;29;0;0;PUNO;NO PERTENECE A NINGUNA RED;NO PERTENECE A NINGUNA MICRORED;;;0;996003547;8:00 - 18:00;1/11/2014;ACTIVO;;;;;;;;
PRIVADO;19587;"CLINICA DENTAL ""GIA""";CENTRO ODONTOLOGICO;ESTABLECIMIENTO DE SALUD SIN INTERNAMIENTO;PUNO;PUNO;PUNO;210101;AV. EL SOL NRO. 473 BARRIO PORTEÑO (SEGUNDO PISO FRENTE CIA DE BOMBEROS);29;0;0;PUNO;NO PERTENECE A NINGUNA RED;NO PERTENECE A NINGUNA MICRORED;;;0;955933336;9:00 - 20:00;12/01/2015;ACTIVO;;;;;;;;
PRIVADO;19524;POLICLINICO INNOVA MEDIC S.A.C.;POLICLINICOS;ESTABLECIMIENTO DE SALUD SIN INTERNAMIENTO;PUNO;PUNO;PUNO;210101;JR: 4 DE NOVIEMBRE N° 333;;0;0;;NO PERTENECE A NINGUNA RED;NO PERTENECE A NINGUNA MICRORED;;;I-3;995741148;8:00 - 18:00;9/12/2014;CIERRE TEMPORAL DE OFICIO;-15.85341816;-70.01680321;http://app20.susalud.gob.pe:8080/registro-renipress-webapp/ipress.htm?action=downloadFile&idArchivo=INSASU20180311174503.jpg;;http://app20.susalud.gob.pe:8080/registro-renipress-webapp/ipress.htm?action=downloadFile&idArchivo=INSASU20171227172450.jpg;;http://app20.susalud.gob.pe:8080/registro-renipress-webapp/ipress.htm?action=downloadFile&idArchivo=INSASU20171227172455.jpg;
PRIVADO;9686;CENTRO MEDICO LOS PINOS E.I.R.L.;CENTROS DE SALUD CON CAMAS DE INTERNAMIENTO;ESTABLECIMIENTO DE SALUD CON INTERNAMIENTO;PUNO;PUNO;PUNO;210101;PASAJE LOS ALAMOS B-2 URBANIZACIÓN LOS PINOS;29;0;0;PUNO;NO PERTENECE A NINGUNA RED;NO PERTENECE A NINGUNA MICRORED;;;I-4;051-351071;00:00 - 24:00 ;1/12/1983;ACTIVO;-15.8485148;-70.01783241;http://app20.susalud.gob.pe:8080/registro-renipress-webapp/ipress.htm?action=downloadFile&idArchivo=INSASU20180807165907.jpg;;;;;
ESSALUD;25544;HOSPITAL I CLINICA UNIVERSITARIA;HOSPITALES O CLINICAS DE ATENCION ESPECIALIZADA;ESTABLECIMIENTO DE SALUD CON INTERNAMIENTO;PUNO;PUNO;PUNO;210101;PANAMERICANA SUR;;0;;;NO PERTENECE A NINGUNA RED;;;;II-E;051-367240;7:00 - 7:00;22/09/2000;BAJA PROVISIONAL;-15.8174238;-70.0098388;http://app20.susalud.gob.pe:8080/registro-renipress-webapp/ipress.htm?action=downloadFile&idArchivo=INSASU20211006094126.jpg;;;;;
GOBIERNO REGIONAL;3259;ICHU;PUESTOS DE SALUD O POSTAS DE SALUD;ESTABLECIMIENTO DE SALUD SIN INTERNAMIENTO;PUNO;PUNO;PUNO;210101;CARRETERA PANAMERICANA SUR KM. 12.5;29;150;969;PUNO;PUNO;SIMON BOLIVAR;919;SALUD PUNO;I-2;950814729;07:00 - 19:00;1/05/1986;ACTIVO;-15.87542667;-69.92810833;http://app20.susalud.gob.pe:8080/registro-renipress-webapp/ipress.htm?action=downloadFile&idArchivo=Fotografia_3259_29378523_1435166561562.png;24/06/2015 12:22;http://app20.susalud.gob.pe:8080/registro-renipress-webapp/ipress.htm?action=downloadFile&idArchivo=Fotografia_3259_29378523_1435166601703.png;24/06/2015 12:23;http://app20.susalud.gob.pe:8080/registro-renipress-webapp/ipress.htm?action=downloadFile&idArchivo=Fotografia_3259_29378523_1435166637282.png;24/06/2015 12:23
PRIVADO;26350;CONSULTORIO OBSTETRICO SANTA ROSA;CONSULTORIOS MEDICOS Y DE OTROS PROFESIONALES DE LA SALUD;ESTABLECIMIENTO DE SALUD SIN INTERNAMIENTO;PUNO;PUNO;PUNO;210101;TACNA;29;0;0;PUNO;NO PERTENECE A NINGUNA RED;NO PERTENECE A NINGUNA MICRORED;;;I-1;951680290;8.00 - 18.00;17/04/2001;ACTIVO;;;;;;;;
PRIVADO;11674;LABORATORIO CLINICO DANIEL ALCIDES CARRION;PATOLOGIA CLINICA;SERVICIO MÉDICO DE APOYO;PUNO;PUNO;PUNO;210101;JR. TACNA Nº 866;29;0;0;PUNO;NO PERTENECE A NINGUNA RED;NO PERTENECE A NINGUNA MICRORED;;;0;051-951745295;7:00 - 19.00;20/09/1997;ACTIVO;;;;;;;;
SANIDAD DE LA MARINA DE GUERRA DEL PERU;10713;"BAP ""PUNO"" ABH-306";CENTROS DE SALUD O CENTROS MEDICOS;ESTABLECIMIENTO DE SALUD SIN INTERNAMIENTO;PUNO;PUNO;PUNO;210101;MUELLE PERU RAIL-LADO NORTE;;0;0;;NO PERTENECE A NINGUNA RED;NO PERTENECE A NINGUNA MICRORED;;;0;951-813572  NUMERAL RPM 610516;8:00 - 17:00;17/03/1976;BAJA DEFINITIVA;;;;;;;;
PRIVADO;24642;MARIA EUGENIA MENDIGURI GONGORA;PATOLOGIA CLINICA;SERVICIO MÉDICO DE APOYO;PUNO;PUNO;PUNO;210101;RAMON CASTILLA;29;0;0;PUNO;NO PERTENECE A NINGUNA RED;NO PERTENECE A NINGUNA MICRORED;;;0;951667705;7:30 - 19:30;1/08/2004;ACTIVO;-15.84150681;-70.02241694;http://app20.susalud.gob.pe:8080/registro-renipress-webapp/ipress.htm?action=downloadFile&idArchivo=INSASU20171015194828.jpg;;;;;
PRIVADO;15345;CENTRO MEDICO LUZ & MERCEDES S.A.C.;CENTROS DE SALUD O CENTROS MEDICOS;ESTABLECIMIENTO DE SALUD SIN INTERNAMIENTO;PUNO;PUNO;PUNO;210101;JR. LIMA 899;;0;0;;NO PERTENECE A NINGUNA RED;NO PERTENECE A NINGUNA MICRORED;;;0;051-950489313;8:00 - 18:00;10/12/2012;CIERRE TEMPORAL DE OFICIO;;;;;;;;
PRIVADO;25707;POLICLINICO OXIMEDIC  SAC;POLICLINICOS;ESTABLECIMIENTO DE SALUD SIN INTERNAMIENTO;PUNO;PUNO;PUNO;210101;HUANCANE;29;0;0;PUNO;NO PERTENECE A NINGUNA RED;NO PERTENECE A NINGUNA MICRORED;;;I-3;993984618;08:00-18:00;9/07/2018;ACTIVO;-15.84196861;-70.02674444;http://app20.susalud.gob.pe:8080/registro-renipress-webapp/ipress.htm?action=downloadFile&idArchivo=INSASU20180709152010.jpg;;;;;
GOBIERNO REGIONAL;9191;PUESTO DE SALUD HABITH HUMANITY-PUNO;PUESTOS DE SALUD O POSTAS DE SALUD;ESTABLECIMIENTO DE SALUD SIN INTERNAMIENTO;PUNO;PUNO;PUNO;210101;CIUDAD LA HUMANIDAD TOTORANI KILOMETRO 6;;0;0;;NO PERTENECE A NINGUNA RED;NO PERTENECE A NINGUNA MICRORED;;;I-1;951-352753;8.00 . 18.00;20/12/1993;BAJA DEFINITIVA;;;;;;;;
PRIVADO;26067;Consultorio Odontológico MONSSON;CONSULTORIOS MEDICOS Y DE OTROS PROFESIONALES DE LA SALUD;ESTABLECIMIENTO DE SALUD SIN INTERNAMIENTO;PUNO;PUNO;PUNO;210101;Tacna;29;0;0;PUNO;NO PERTENECE A NINGUNA RED;NO PERTENECE A NINGUNA MICRORED;;;I-1;956426529;9:00 - 20:00;10/10/2016;ACTIVO;-15.84511926;-70.02222382;http://app20.susalud.gob.pe:8080/registro-renipress-webapp/ipress.htm?action=downloadFile&idArchivo=INSASU20181109162541.jpg;;;;;
PRIVADO;25698;IMAXCENTER;DIAGNOSTICO POR IMAGENES;SERVICIO MÉDICO DE APOYO;PUNO;PUNO;PUNO;210101;Arequipa;29;0;0;PUNO;NO PERTENECE A NINGUNA RED;NO PERTENECE A NINGUNA MICRORED;;;0;(51)355702;9:00 - 20:00;10/07/2018;ACTIVO;-15.8413261;-70.0267157;http://app20.susalud.gob.pe:8080/registro-renipress-webapp/ipress.htm?action=downloadFile&idArchivo=INSASU20180710085617.jpg;;;;;
PRIVADO;27987;ODONTOVIDA;CENTRO ODONTOLOGICO;ESTABLECIMIENTO DE SALUD SIN INTERNAMIENTO;PUNO;PUNO;PUNO;210101;EL SOL;29;0;0;PUNO;NO PERTENECE A NINGUNA RED;NO PERTENECE A NINGUNA MICRORED;;;I-1;51 951609048;9:00 - 20:00;26/10/2015;ACTIVO;-15.8402218;-70.0218805;http://app20.susalud.gob.pe:8080/registro-renipress-webapp/ipress.htm?action=downloadFile&idArchivo=INSASU20191107133149.jpg;;http://app20.susalud.gob.pe:8080/registro-renipress-webapp/ipress.htm?action=downloadFile&idArchivo=INSASU20191107133155.jpg;;;
PRIVADO;27595;SAUCES MEDICAL CENTER;;ESTABLECIMIENTO DE SALUD CON INTERNAMIENTO;PUNO;PUNO;PUNO;210101;TACNA;29;0;0;PUNO;NO PERTENECE A NINGUNA RED;NO PERTENECE A NINGUNA MICRORED;;;II-E;051 773844;08:00 - 20:00;30/04/2019;ACTIVO;-15.8402218;-70.0218805;http://app20.susalud.gob.pe:8080/registro-renipress-webapp/ipress.htm?action=downloadFile&idArchivo=INSASU20191029213952.JPG;;;;;
PRIVADO;26729;ODONTOWAWA;CENTRO ODONTOLOGICO;ESTABLECIMIENTO DE SALUD SIN INTERNAMIENTO;PUNO;PUNO;PUNO;210101;deza;29;0;0;PUNO;NO PERTENECE A NINGUNA RED;NO PERTENECE A NINGUNA MICRORED;;;I-1;940235453;10:00 - 20:00;12/02/2019;ACTIVO;-15.83699633;-70.03094637;http://app20.susalud.gob.pe:8080/registro-renipress-webapp/ipress.htm?action=downloadFile&idArchivo=INSASU20190426115757.jpg;;http://app20.susalud.gob.pe:8080/registro-renipress-webapp/ipress.htm?action=downloadFile&idArchivo=INSASU20190426115754.jpg;;http://app20.susalud.gob.pe:8080/registro-renipress-webapp/ipress.htm?action=downloadFile&idArchivo=INSASU20190426115801.jpg;
PRIVADO;24885;"POLICLINICO ""MYA MEDIC""";POLICLINICOS;ESTABLECIMIENTO DE SALUD SIN INTERNAMIENTO;PUNO;PUNO;PUNO;210101;HUANCANE;;0;0;;NO PERTENECE A NINGUNA RED;NO PERTENECE A NINGUNA MICRORED;;;I-3;982663388;8:00 - 18:00;9/03/2018;CIERRE TEMPORAL DE OFICIO;-15.8419545;-70.02665886;http://app20.susalud.gob.pe:8080/registro-renipress-webapp/ipress.htm?action=downloadFile&idArchivo=INSASU20220601102416.jpeg;;http://app20.susalud.gob.pe:8080/registro-renipress-webapp/ipress.htm?action=downloadFile&idArchivo=INSASU20220601102421.jpeg;;http://app20.susalud.gob.pe:8080/registro-renipress-webapp/ipress.htm?action=downloadFile&idArchivo=INSASU20220601102425.jpeg;
PRIVADO;25918;SERVICIOS MEDICOS SAN MARTIN DE PORRES EIRL.;CENTROS DE SALUD O CENTROS MEDICOS;ESTABLECIMIENTO DE SALUD SIN INTERNAMIENTO;PUNO;PUNO;PUNO;210101;AYACUCHO;29;0;0;PUNO;NO PERTENECE A NINGUNA RED;NO PERTENECE A NINGUNA MICRORED;;;I-3;51355313;7:00 - 19:00;30/06/2016;ACTIVO;-15.8402218;-70.0218805;http://app20.susalud.gob.pe:8080/registro-renipress-webapp/ipress.htm?action=downloadFile&idArchivo=INSASU20251104151904.jpeg;;http://app20.susalud.gob.pe:8080/registro-renipress-webapp/ipress.htm?action=downloadFile&idArchivo=INSASU20251104151909.jpeg;;http://app20.susalud.gob.pe:8080/registro-renipress-webapp/ipress.htm?action=downloadFile&idArchivo=INSASU20251104151913.jpeg;
PRIVADO;24886;PRO MUJER INC;CONSULTORIOS MEDICOS Y DE OTROS PROFESIONALES DE LA SALUD;ESTABLECIMIENTO DE SALUD SIN INTERNAMIENTO;PUNO;PUNO;PUNO;210101;AVENIDA EL SOL CON JIRÓN CANDELARIA;;0;0;;NO PERTENECE A NINGUNA RED;NO PERTENECE A NINGUNA MICRORED;;;I-1;(51) 599120;9:00 - 18:00;18/10/2017;CIERRE TEMPORAL DE OFICIO;;;;;;;;
PRIVADO;26922;CENTRO MEDICO SOLIDARIO EL SALVADOR;CENTROS MEDICOS ESPECIALIZADOS;ESTABLECIMIENTO DE SALUD SIN INTERNAMIENTO;PUNO;PUNO;PUNO;210101;SAN MARTIN;29;0;0;PUNO;NO PERTENECE A NINGUNA RED;NO PERTENECE A NINGUNA MICRORED;;;I-2;951999976;8:00 - 18:00;1/02/2019;ACTIVO;-15.85801257;-70.01572751;http://app20.susalud.gob.pe:8080/registro-renipress-webapp/ipress.htm?action=downloadFile&idArchivo=INSASU20190307112220.jpg;;;;;
PRIVADO;26407;SPA ODONTOLOGICO B&B;CENTRO ODONTOLOGICO;ESTABLECIMIENTO DE SALUD SIN INTERNAMIENTO;PUNO;PUNO;PUNO;210101;Lambayeque;29;0;0;PUNO;NO PERTENECE A NINGUNA RED;NO PERTENECE A NINGUNA MICRORED;;;I-1;(51)353685;9:30 - 21:00;1/06/2018;ACTIVO;-15.83825541;-70.02867267;http://app20.susalud.gob.pe:8080/registro-renipress-webapp/ipress.htm?action=downloadFile&idArchivo=INSASU20190326231750.jpg;;;;;
PRIVADO;26343;"CENTRO ODONTOLOGIGO ""SARVEL""";CENTRO ODONTOLOGICO;ESTABLECIMIENTO DE SALUD SIN INTERNAMIENTO;PUNO;PUNO;PUNO;210101;Tacna;29;0;0;PUNO;NO PERTENECE A NINGUNA RED;NO PERTENECE A NINGUNA MICRORED;;;I-1;951047677;10:00 - 21:00;3/04/2006;ACTIVO;-15.84572389;-70.02192355;http://app20.susalud.gob.pe:8080/registro-renipress-webapp/ipress.htm?action=downloadFile&idArchivo=INSASU20181123180229.jpg;;http://app20.susalud.gob.pe:8080/registro-renipress-webapp/ipress.htm?action=downloadFile&idArchivo=INSASU20181123180229.jpg;;http://app20.susalud.gob.pe:8080/registro-renipress-webapp/ipress.htm?action=downloadFile&idArchivo=INSASU20181123180233.jpg;
PRIVADO;26662;CLINICA MAYOR PUNO EIRL.;CENTROS DE SALUD CON CAMAS DE INTERNAMIENTO;ESTABLECIMIENTO DE SALUD CON INTERNAMIENTO;PUNO;PUNO;PUNO;210101;FEDERICO MORE;;0;0;;NO PERTENECE A NINGUNA RED;NO PERTENECE A NINGUNA MICRORED;;;I-4;51638649;08:00 -  20:00;1/03/2019;CIERRE TEMPORAL DE OFICIO;-15.84257249;-70.02424621;http://app20.susalud.gob.pe:8080/registro-renipress-webapp/ipress.htm?action=downloadFile&idArchivo=INSASU20190313100525.jpg;;http://app20.susalud.gob.pe:8080/registro-renipress-webapp/ipress.htm?action=downloadFile&idArchivo=INSASU20190313100522.jpg;;;
PRIVADO;27503;CENTRO DE DIAGNÓSTICOS MÉDICOS VIRGEN DE LA CANDELARIA;DIAGNOSTICO POR IMAGENES,PATOLOGIA CLINICA,ATENCION DOMICILIARIA;SERVICIO MÉDICO DE APOYO;PUNO;PUNO;PUNO;210101;PARDO;;0;0;;NO PERTENECE A NINGUNA RED;NO PERTENECE A NINGUNA MICRORED;;;0;951751179;14:00 - 20:00;1/10/2019;CIERRE TEMPORAL DE OFICIO;-15.83620757;-70.03071315;http://app20.susalud.gob.pe:8080/registro-renipress-webapp/ipress.htm?action=downloadFile&idArchivo=INSASU20191015000257.jpg;;;;;
PRIVADO;27825;CENTRO DE SERVICIOS MEDICOS SAN ANTONIO DE PADUA S.A.C.;POLICLINICOS;ESTABLECIMIENTO DE SALUD SIN INTERNAMIENTO;PUNO;PUNO;PUNO;210101;AREQUIPA;;0;0;;NO PERTENECE A NINGUNA RED;NO PERTENECE A NINGUNA MICRORED;;;I-3;958482727;8:00 - 18:00;16/12/2019;CIERRE TEMPORAL DE OFICIO;-15.84155411;-70.026545;http://app20.susalud.gob.pe:8080/registro-renipress-webapp/ipress.htm?action=downloadFile&idArchivo=INSASU20191216164725.jpeg;;;;;
PRIVADO;25534;CLINICA SANTO DOMINGO;CENTROS DE SALUD CON CAMAS DE INTERNAMIENTO;ESTABLECIMIENTO DE SALUD CON INTERNAMIENTO;PUNO;PUNO;PUNO;210101;YANAMAYO;;0;0;;NO PERTENECE A NINGUNA RED;NO PERTENECE A NINGUNA MICRORED;;;I-4;976772796;8:00 - 14:00;6/01/2016;CIERRE TEMPORAL DE OFICIO;-15.82459456;-70.03561341;http://app20.susalud.gob.pe:8080/registro-renipress-webapp/ipress.htm?action=downloadFile&idArchivo=INSASU20180111115634.jpg;;http://app20.susalud.gob.pe:8080/registro-renipress-webapp/ipress.htm?action=downloadFile&idArchivo=INSASU20180111115642.jpg;;http://app20.susalud.gob.pe:8080/registro-renipress-webapp/ipress.htm?action=downloadFile&idArchivo=INSASU20180111115653.jpg;
PRIVADO;24400;POLICLINICO DEL SUR SOME SAC;POLICLINICOS;ESTABLECIMIENTO DE SALUD SIN INTERNAMIENTO;PUNO;PUNO;PUNO;210101;EL SOL;;0;0;;NO PERTENECE A NINGUNA RED;NO PERTENECE A NINGUNA MICRORED;;;I-3;51209107;8:00-20:00;1/06/2017;CIERRE TEMPORAL DE OFICIO;-15.84132188;-70.02144612;http://app20.susalud.gob.pe:8080/registro-renipress-webapp/ipress.htm?action=downloadFile&idArchivo=INSASU20170912193252.jpg;;;;;
PRIVADO;27922;J & D INNOVA DENTAL;CENTRO ODONTOLOGICO;ESTABLECIMIENTO DE SALUD SIN INTERNAMIENTO;PUNO;PUNO;PUNO;210101;EL SOL;29;0;0;PUNO;NO PERTENECE A NINGUNA RED;NO PERTENECE A NINGUNA MICRORED;;;I-1;931834155;9:00 - 20:00;15/07/2019;ACTIVO;;;;;;;;
GOBIERNO REGIONAL;27845;SERVICIO DE ATENCION MOVIL DE URGENCIA SAMU PUNO;CENTRO DE ATENCIÓN AMBULATORIA;OFERTA FLEXIBLE;PUNO;PUNO;PUNO;210101;JOSE ANTONIO ENCINAS;29;0;0;PUNO;NO PERTENECE A NINGUNA RED;NO PERTENECE A NINGUNA MICRORED;914;SALUD PUNO - LAMPA;0;51773043;0:00 - 24:00;12/12/2019;ACTIVO;-15.84446902;-70.02179467;http://app20.susalud.gob.pe:8080/registro-renipress-webapp/ipress.htm?action=downloadFile&idArchivo=INSASU20200106130032.jpeg;;;;;
PRIVADO;27848;MEDICENTER MALENA SAC;CENTROS DE SALUD O CENTROS MEDICOS;ESTABLECIMIENTO DE SALUD SIN INTERNAMIENTO;PUNO;PUNO;PUNO;210101;huancane;29;;;PUNO;;;;;I-3;951979851;08:30 -17:00;21/01/2020;ACTIVO;-15.84181387;-70.02607547;http://app20.susalud.gob.pe:8080/registro-renipress-webapp/ipress.htm?action=downloadFile&idArchivo=INSASU20231110101826.jpg;;http://app20.susalud.gob.pe:8080/registro-renipress-webapp/ipress.htm?action=downloadFile&idArchivo=INSASU20231110101835.jpg;;http://app20.susalud.gob.pe:8080/registro-renipress-webapp/ipress.htm?action=downloadFile&idArchivo=INSASU20231110102041.jpeg;
OTRO;28133;CLINICA LAS KALAS;HOSPITALES O CLINICAS DE ATENCION GENERAL;ESTABLECIMIENTO DE SALUD CON INTERNAMIENTO;PUNO;PUNO;PUNO;210101;TACNA;29;0;0;PUNO;NO PERTENECE A NINGUNA RED;NO PERTENECE A NINGUNA MICRORED;;;I-4;982700939;06:00 a 22:00;15/04/2016;ACTIVO;-15.8402218;-70.0218805;http://app20.susalud.gob.pe:8080/registro-renipress-webapp/ipress.htm?action=downloadFile&idArchivo=INSASU20200611145759.jpeg;;;;;
PRIVADO;28066;facedent cirugía facial e implantes;CENTRO ODONTOLOGICO;ESTABLECIMIENTO DE SALUD SIN INTERNAMIENTO;PUNO;PUNO;PUNO;210101;avenida la torre nro 135 2do piso;29;0;0;PUNO;NO PERTENECE A NINGUNA RED;NO PERTENECE A NINGUNA MICRORED;;;I-1;988397334;16.00 - 20.00;3/10/2014;ACTIVO;-15.83681616;-70.02638931;http://app20.susalud.gob.pe:8080/registro-renipress-webapp/ipress.htm?action=downloadFile&idArchivo=INSASU20200526205052.jpg;;;;;
PRIVADO;25660;CENTRO ESPECIALIZADO EN SALUD SEXUAL Y REPRODUCTIVA MADAME FESSEL;CENTROS MEDICOS ESPECIALIZADOS;ESTABLECIMIENTO DE SALUD SIN INTERNAMIENTO;PUNO;PUNO;PUNO;210101;MOQUEGUA;29;0;0;PUNO;NO PERTENECE A NINGUNA RED;NO PERTENECE A NINGUNA MICRORED;;;I-1;2619242;08:00 - 17:00;2/03/2018;ACTIVO;-15.8402218;-70.0218805;http://app20.susalud.gob.pe:8080/registro-renipress-webapp/ipress.htm?action=downloadFile&idArchivo=INSASU20180810112931.jpg;;;;;
PRIVADO;27066;CENTRO MEDICO MEDIDENT;CENTROS DE SALUD O CENTROS MEDICOS;ESTABLECIMIENTO DE SALUD SIN INTERNAMIENTO;PUNO;PUNO;PUNO;210101;FLORAL;;0;0;;NO PERTENECE A NINGUNA RED;NO PERTENECE A NINGUNA MICRORED;;;I-3;987057002;08:00 - 20:00;11/03/2019;CIERRE TEMPORAL DE PARTE;-15.83251929;-70.02455466;http://app20.susalud.gob.pe:8080/registro-renipress-webapp/ipress.htm?action=downloadFile&idArchivo=INSASU20190318144431.jpg;;http://app20.susalud.gob.pe:8080/registro-renipress-webapp/ipress.htm?action=downloadFile&idArchivo=INSASU20190318144437.jpg;;http://app20.susalud.gob.pe:8080/registro-renipress-webapp/ipress.htm?action=downloadFile&idArchivo=INSASU20190318144449.jpg;
PRIVADO;26319;NEWRAY - CENTRO DE RADIOLOGIA DIGITAL ORAL Y MAXILOFACIAL;DIAGNOSTICO POR IMAGENES;SERVICIO MÉDICO DE APOYO;PUNO;PUNO;PUNO;210101;TEODORO VALCARCEL;29;0;0;PUNO;NO PERTENECE A NINGUNA RED;NO PERTENECE A NINGUNA MICRORED;;;0;(51) 959688118;8:00 - 20:00;15/01/2019;ACTIVO;-15.83716826;-70.02700109;http://app20.susalud.gob.pe:8080/registro-renipress-webapp/ipress.htm?action=downloadFile&idArchivo=INSASU20190123195245.jpg;;;;;
PRIVADO;27095;LABORATORIOS BIOPROYECT;PATOLOGIA CLINICA;SERVICIO MÉDICO DE APOYO;PUNO;PUNO;PUNO;210101;MOQUEGUA;;0;0;;NO PERTENECE A NINGUNA RED;NO PERTENECE A NINGUNA MICRORED;;;0;(51) 635103;8.00 - 21.00;30/03/2017;CIERRE TEMPORAL DE OFICIO;-15.83853424;-70.02682649;http://app20.susalud.gob.pe:8080/registro-renipress-webapp/ipress.htm?action=downloadFile&idArchivo=INSASU20190806121116.jpg;;;;;
OTRO;26495;DIAGNOSTICO POR IMAGENES UNA PUNO;DIAGNOSTICO POR IMAGENES;SERVICIO MÉDICO DE APOYO;PUNO;PUNO;PUNO;210101;JORGE BASADRE;29;0;0;PUNO;NO PERTENECE A NINGUNA RED;NO PERTENECE A NINGUNA MICRORED;;;0;051- 367391;8:00 - 18:00;20/11/2018;ACTIVO;-15.8243805;-70.0162544;http://app20.susalud.gob.pe:8080/registro-renipress-webapp/ipress.htm?action=downloadFile&idArchivo=INSASU20181228125706.jpg;;http://app20.susalud.gob.pe:8080/registro-renipress-webapp/ipress.htm?action=downloadFile&idArchivo=INSASU20181228125926.jpg;;http://app20.susalud.gob.pe:8080/registro-renipress-webapp/ipress.htm?action=downloadFile&idArchivo=INSASU20181228130026.jpg;
GOBIERNO REGIONAL;3251;HOSPITAL REGIONAL MANUEL NUÑEZ BUTRON;HOSPITALES O CLINICAS DE ATENCION GENERAL;ESTABLECIMIENTO DE SALUD CON INTERNAMIENTO;PUNO;PUNO;PUNO;210101;JIRON RICARDO PALMA Nº 120;29;0;0;PUNO;NO PERTENECE A NINGUNA RED;NO PERTENECE A NINGUNA MICRORED;1435;HOSPITAL REGIONAL MANUEL NUÑEZ BUTRON;II-2;051-209722;0:00 - 24:00;15/10/1965;ACTIVO;-15.84185333;-70.02156667;http://app20.susalud.gob.pe:8080/registro-renipress-webapp/ipress.htm?action=downloadFile&idArchivo=INSASU20191211100648.jpg;;http://app20.susalud.gob.pe:8080/registro-renipress-webapp/ipress.htm?action=downloadFile&idArchivo=INSASU20191211100832.JPG;;http://app20.susalud.gob.pe:8080/registro-renipress-webapp/ipress.htm?action=downloadFile&idArchivo=INSASU20191211102428.jpg;
PRIVADO;10143;CENTRO DE HEMODIALISIS SERMEDIAL S.A.C. PUNO;HEMODIALISIS;SERVICIO MÉDICO DE APOYO;PUNO;PUNO;PUNO;210101;URB. APROVISA MANZANA 1B LOTE 5;29;0;0;PUNO;NO PERTENECE A NINGUNA RED;NO PERTENECE A NINGUNA MICRORED;;;0;051-364758;6.30: - 20:00;1/07/2008;ACTIVO;-15.878932;-69.998718;http://app20.susalud.gob.pe:8080/registro-renipress-webapp/ipress.htm?action=downloadFile&idArchivo=INSASU20210709150047.jpeg;;;;;
SANIDAD DEL EJERCITO DEL PERU;10884;POLICLINICO MILITAR MANCO CAPAC;CENTROS DE SALUD CON CAMAS DE INTERNAMIENTO;ESTABLECIMIENTO DE SALUD CON INTERNAMIENTO;PUNO;PUNO;PUNO;210101;AV.EJERCITO S/N - CHANU CHANU;;0;0;;NO PERTENECE A NINGUNA RED;NO PERTENECE A NINGUNA MICRORED;;;0;995-733374;24 HORAS;25/07/1963;BAJA DEFINITIVA;;;;;;;;
GOBIERNO REGIONAL;3260;JALLIHUAYA;PUESTOS DE SALUD O POSTAS DE SALUD;ESTABLECIMIENTO DE SALUD SIN INTERNAMIENTO;PUNO;PUNO;PUNO;210101;CENTRO POBLADO JALLIHUAYA SECTOR INCAPUJIO;29;150;969;PUNO;PUNO;SIMON BOLIVAR;919;SALUD PUNO;I-2;051-369368;7:00 - 19:00;8/02/1990;ACTIVO;-15.88036833;-69.9694;http://app20.susalud.gob.pe:8080/registro-renipress-webapp/ipress.htm?action=downloadFile&idArchivo=Fotografia_3260_29378523_1435165473427.png;24/06/2015 00:00;http://app20.susalud.gob.pe:8080/registro-renipress-webapp/ipress.htm?action=downloadFile&idArchivo=Fotografia_3260_29378523_1435165511368.png;24/06/2015 00:00;http://app20.susalud.gob.pe:8080/registro-renipress-webapp/ipress.htm?action=downloadFile&idArchivo=Fotografia_3260_29378523_1435165556301.png;24/06/2015 00:00
PRIVADO;27874;CENTRO MEDICO SAN MIGUEL ARCANGEL PUNO SAC;CENTROS DE SALUD O CENTROS MEDICOS;ESTABLECIMIENTO DE SALUD SIN INTERNAMIENTO;PUNO;PUNO;PUNO;210101;4 DE NOVIEMBRE;;0;0;;NO PERTENECE A NINGUNA RED;NO PERTENECE A NINGUNA MICRORED;;;I-3;951128406;8.00 - 16.00;19/12/2019;CIERRE TEMPORAL DE OFICIO;-15.8402218;-70.0218805;http://app20.susalud.gob.pe:8080/registro-renipress-webapp/ipress.htm?action=downloadFile&idArchivo=INSASU20200107140406.jpeg;;http://app20.susalud.gob.pe:8080/registro-renipress-webapp/ipress.htm?action=downloadFile&idArchivo=INSASU20200107140414.jpeg;;http://app20.susalud.gob.pe:8080/registro-renipress-webapp/ipress.htm?action=downloadFile&idArchivo=INSASU20200107140421.jpeg;
PRIVADO;18142;DENTO FAMILY;CONSULTORIOS MEDICOS Y DE OTROS PROFESIONALES DE LA SALUD;ESTABLECIMIENTO DE SALUD SIN INTERNAMIENTO;PUNO;PUNO;PUNO;210101;JIRON TACNA NRO 937;29;0;0;PUNO;NO PERTENECE A NINGUNA RED;NO PERTENECE A NINGUNA MICRORED;;;0;51951422360;24 HORAS;16/03/2014;ACTIVO;;;;;;;;
PRIVADO;27924;PROACTIVA;CENTRO ODONTOLOGICO;ESTABLECIMIENTO DE SALUD SIN INTERNAMIENTO;PUNO;PUNO;PUNO;210101;EL EJERCITO;29;;;PUNO;;;;;I-1;930596952;8:00-20:00;5/03/2014;ACTIVO;;;;;;;;
SANIDAD DEL EJERCITO DEL PERU;21066;POLICLÍNICO MILITAR MANCO CÁPAC;POLICLINICOS;ESTABLECIMIENTO DE SALUD SIN INTERNAMIENTO;PUNO;PUNO;PUNO;210101;AV. EL EJÉRCITO S/N;29;0;0;PUNO;NO PERTENECE A NINGUNA RED;NO PERTENECE A NINGUNA MICRORED;;;I-3;051-355643;8:00-14:00;1/04/1978;ACTIVO;-15.8579331;-70.0082584;http://app20.susalud.gob.pe:8080/registro-renipress-webapp/ipress.htm?action=downloadFile&idArchivo=INSASU20240117150845.jpg;;http://app20.susalud.gob.pe:8080/registro-renipress-webapp/ipress.htm?action=downloadFile&idArchivo=INSASU20201130111245.jpg;;http://app20.susalud.gob.pe:8080/registro-renipress-webapp/ipress.htm?action=downloadFile&idArchivo=INSASU20201130111301.jpg;
GOBIERNO REGIONAL;29833;"CENTRO DE SALUD MENTAL COMUNITARIO ""ALFREDO MENDIGURI PINEDA"" DE PUNO";CENTROS DE SALUD O CENTROS MEDICOS;ESTABLECIMIENTO DE SALUD SIN INTERNAMIENTO;PUNO;PUNO;PUNO;210101;RAMIS;29;150;0;PUNO;PUNO;NO PERTENECE A NINGUNA MICRORED;919;SALUD PUNO;I-3;(051) 369368;07:00 - 19:00;30/12/2020;ACTIVO;-15.8437211;-70.0207521;http://app20.susalud.gob.pe:8080/registro-renipress-webapp/ipress.htm?action=downloadFile&idArchivo=INSASU20210412211605.jpg;;;;;
PRIVADO;19667;CENTRO MEDICO QUIRURGICO Y MEDICINA DE ALTURA SAN FRANCISCO DE BORJA S.R.L;CENTROS MEDICOS ESPECIALIZADOS;ESTABLECIMIENTO DE SALUD SIN INTERNAMIENTO;PUNO;PUNO;PUNO;210101;URBANIZACION CHANU CHANU 1 RA ETAPA B-2;29;0;0;PUNO;NO PERTENECE A NINGUNA RED;NO PERTENECE A NINGUNA MICRORED;;;0;051-369016;8:00 - 18:00;2/12/2014;ACTIVO;;;;;;;;
PRIVADO;12215;CENTRO MEDICO SAN MARTIN DE PORRES SCRL;CENTROS DE SALUD O CENTROS MEDICOS;ESTABLECIMIENTO DE SALUD SIN INTERNAMIENTO;PUNO;PUNO;PUNO;210101;JR. AYACUCHO 748 -PUNO;;0;0;;NO PERTENECE A NINGUNA RED;NO PERTENECE A NINGUNA MICRORED;;;I-2;051-355313;8:00 - 18:00;1/08/2011;CIERRE TEMPORAL DE OFICIO;;;;;;;;
PRIVADO;18356;"CENTRO MEDICINA ALTERNATIVA ""EQUILIBRIO Y BIENESTAR""";CENTROS DE MEDICINA ALTERNATIVA;SERVICIO MÉDICO DE APOYO;PUNO;PUNO;PUNO;210101;JIRON. LAMPA  N° 345;29;0;0;PUNO;NO PERTENECE A NINGUNA RED;NO PERTENECE A NINGUNA MICRORED;;;0;982702509 / 951317877;15:00  -  20:00;2/10/2013;ACTIVO;;;;;;;;
PRIVADO;27054;CLINICA DE EMERGENCIAS NUESTRA SEÑORA DE GUADALUPE;HOSPITALES O CLINICAS DE ATENCION ESPECIALIZADA;ESTABLECIMIENTO DE SALUD CON INTERNAMIENTO;PUNO;PUNO;PUNO;210101;VELA VELA;;0;0;;NO PERTENECE A NINGUNA RED;NO PERTENECE A NINGUNA MICRORED;;;I-4;51638335;08.00 - 20.00;14/03/2019;CIERRE TEMPORAL DE OFICIO;-15.83265347;-70.01992785;http://app20.susalud.gob.pe:8080/registro-renipress-webapp/ipress.htm?action=downloadFile&idArchivo=INSASU20190314182818.jpg;;;;;
SANIDAD DE LA POLICIA NACIONAL DEL PERU;10239;POSTA MEDICA -ETS- PNP-PUNO;PUESTOS DE SALUD O POSTAS DE SALUD;ESTABLECIMIENTO DE SALUD SIN INTERNAMIENTO;PUNO;PUNO;PUNO;210101;PARQUE INDUSTRIAL AZIRUNI S/N SALCEDO;;0;0;;NO PERTENECE A NINGUNA RED;NO PERTENECE A NINGUNA MICRORED;;;0;051-365473;8:00 - 14:00;1/08/1998;BAJA DEFINITIVA;;;;;;;;
PRIVADO;25604;CENTRO ODONTOLOGICO DIBUJANDO SONRISAS;CENTRO ODONTOLOGICO;ESTABLECIMIENTO DE SALUD SIN INTERNAMIENTO;PUNO;PUNO;PUNO;210101;TACNA;;0;0;;NO PERTENECE A NINGUNA RED;NO PERTENECE A NINGUNA MICRORED;;;I-1;998454549;8:00 - 8:00;10/08/2018;CIERRE TEMPORAL DE OFICIO;-15.4866134;-70.1190783;http://app20.susalud.gob.pe:8080/registro-renipress-webapp/ipress.htm?action=downloadFile&idArchivo=INSASU20180810112025.jpg;;http://app20.susalud.gob.pe:8080/registro-renipress-webapp/ipress.htm?action=downloadFile&idArchivo=INSASU20180810112031.jpg;;;
PRIVADO;10312;SERVICIOS DE DIAGNOSTICO MEDICO ESPECIALIZADO S.R.L.;CENTROS DE SALUD O CENTROS MEDICOS;ESTABLECIMIENTO DE SALUD SIN INTERNAMIENTO;PUNO;PUNO;PUNO;210101;JR. AREQUIPA Nº 612;;0;0;;NO PERTENECE A NINGUNA RED;NO PERTENECE A NINGUNA MICRORED;;;0;051-351500;7:00 - 20:00;8/11/2007;CIERRE TEMPORAL DE OFICIO;;;;;;;;
PRIVADO;26072;DENTOIMAGEN;CONSULTORIOS MEDICOS Y DE OTROS PROFESIONALES DE LA SALUD;ESTABLECIMIENTO DE SALUD SIN INTERNAMIENTO;PUNO;PUNO;PUNO;210101;Lampa;29;0;0;PUNO;NO PERTENECE A NINGUNA RED;NO PERTENECE A NINGUNA MICRORED;;;I-1;971404484;13:00 - 20:00;7/07/2018;ACTIVO;-15.83263541;-70.02167665;http://app20.susalud.gob.pe:8080/registro-renipress-webapp/ipress.htm?action=downloadFile&idArchivo=INSASU20181002144247.jpg;;;;;
PRIVADO;26071;Apple Dent;CONSULTORIOS MEDICOS Y DE OTROS PROFESIONALES DE LA SALUD;ESTABLECIMIENTO DE SALUD SIN INTERNAMIENTO;PUNO;PUNO;PUNO;210101;Circunvalación sur;;0;0;;NO PERTENECE A NINGUNA RED;NO PERTENECE A NINGUNA MICRORED;;;I-1;953774599;15:00 - 20:00;28/08/2018;CIERRE TEMPORAL DE OFICIO;-15.8417265;-70.0300675;http://app20.susalud.gob.pe:8080/registro-renipress-webapp/ipress.htm?action=downloadFile&idArchivo=INSASU20180828075402.jpg;;;;;
PRIVADO;26989;POLICLINICO OXIMEDICSAC;POLICLINICOS;ESTABLECIMIENTO DE SALUD SIN INTERNAMIENTO;PUNO;PUNO;PUNO;210101;SALCEDO;29;0;0;PUNO;NO PERTENECE A NINGUNA RED;NO PERTENECE A NINGUNA MICRORED;;;I-3;51209827;08:00-18:30;12/12/2018;ACTIVO;-15.8402218;-70.0218805;http://app20.susalud.gob.pe:8080/registro-renipress-webapp/ipress.htm?action=downloadFile&idArchivo=INSASU20190725103237.jpg;;http://app20.susalud.gob.pe:8080/registro-renipress-webapp/ipress.htm?action=downloadFile&idArchivo=INSASU20190724132421.jpg;;http://app20.susalud.gob.pe:8080/registro-renipress-webapp/ipress.htm?action=downloadFile&idArchivo=INSASU20190724132429.jpg;
PRIVADO;26095;CENTRO ODONTOLOGICO NEWDENT;CENTRO ODONTOLOGICO;ESTABLECIMIENTO DE SALUD SIN INTERNAMIENTO;PUNO;PUNO;PUNO;210101;Teodoro Valcarcel;29;0;0;PUNO;NO PERTENECE A NINGUNA RED;NO PERTENECE A NINGUNA MICRORED;;;I-1;959688118;9:00 -20:00;10/12/2018;ACTIVO;-15.83722425;-70.02695537;http://app20.susalud.gob.pe:8080/registro-renipress-webapp/ipress.htm?action=downloadFile&idArchivo=INSASU20181212155952.jpg;;;;;
PRIVADO;26226;CONSULTORIO ODONTOLOGICO ORAL SUR;CENTRO ODONTOLOGICO;ESTABLECIMIENTO DE SALUD SIN INTERNAMIENTO;PUNO;PUNO;PUNO;210101;TACNA;29;0;0;PUNO;NO PERTENECE A NINGUNA RED;NO PERTENECE A NINGUNA MICRORED;;;I-1;930314714;9:30 - 20:00;1/12/2018;ACTIVO;-15.8402218;-70.0218805;http://app20.susalud.gob.pe:8080/registro-renipress-webapp/ipress.htm?action=downloadFile&idArchivo=INSASU20181211184937.jpg;;;;;
PRIVADO;26528;CENTRO MEDICO VIRGEN DEL CARMEN SRL.;DIAGNOSTICO POR IMAGENES;SERVICIO MÉDICO DE APOYO;PUNO;PUNO;PUNO;210101;MOQUEGUA;29;0;0;PUNO;NO PERTENECE A NINGUNA RED;NO PERTENECE A NINGUNA MICRORED;;;I-1;951632415;07:00 - 20:00;16/07/2018;ACTIVO;-15.84132619;-70.02567314;http://app20.susalud.gob.pe:8080/registro-renipress-webapp/ipress.htm?action=downloadFile&idArchivo=INSASU20180913181610.jpg;;;;;
PRIVADO;26555;CORDIAL PERU;HEMODIALISIS;SERVICIO MÉDICO DE APOYO;PUNO;PUNO;PUNO;210101;EL SOL;29;;;PUNO;;;;;0;986888807;06:00 - 19:00;18/02/2019;ACTIVO;-15.8423222;-70.02110802;http://app20.susalud.gob.pe:8080/registro-renipress-webapp/ipress.htm?action=downloadFile&idArchivo=INSASU20250811150354.jpeg;;http://app20.susalud.gob.pe:8080/registro-renipress-webapp/ipress.htm?action=downloadFile&idArchivo=INSASU20250416101629.jpeg;;http://app20.susalud.gob.pe:8080/registro-renipress-webapp/ipress.htm?action=downloadFile&idArchivo=INSASU20250416101636.jpeg;
PRIVADO;26342;CARDIOCENTRO SUR E.I.R.L.;CENTROS DE SALUD CON CAMAS DE INTERNAMIENTO;ESTABLECIMIENTO DE SALUD CON INTERNAMIENTO;PUNO;PUNO;PUNO;210101;Carabaya;;0;0;;NO PERTENECE A NINGUNA RED;NO PERTENECE A NINGUNA MICRORED;;;I-4;951770599;8.00 - 07.00;1/07/2008;CIERRE TEMPORAL DE OFICIO;;;;;;;;
PRIVADO;29715;CENTRO MEDICO DEL CONDUCTOR;CENTROS DE SALUD O CENTROS MEDICOS;ESTABLECIMIENTO DE SALUD SIN INTERNAMIENTO;PUNO;PUNO;PUNO;210101;LIMA;;;;;;;;;I-3;983876827;8:00 - 16:00;27/03/2021;CIERRE TEMPORAL DE OFICIO;-15.8402218;-70.0218805;http://app20.susalud.gob.pe:8080/registro-renipress-webapp/ipress.htm?action=downloadFile&idArchivo=INSASU20210327171422.jpg;;;;;
GOBIERNO REGIONAL;3254;JOSE ANTONIO ENCINAS;CENTROS DE SALUD CON CAMAS DE INTERNAMIENTO;ESTABLECIMIENTO DE SALUD CON INTERNAMIENTO;PUNO;PUNO;PUNO;210101;BARRIO JOSE ANTONIO ENCINAS;29;150;968;PUNO;PUNO;JOSE ANTONIO ENCINAS;919;SALUD PUNO;I-4;950814729;7:00 - 19:00;23/02/1990;ACTIVO;-15.83875;-70.035045;http://app20.susalud.gob.pe:8080/registro-renipress-webapp/ipress.htm?action=downloadFile&idArchivo=Fotografia_3254_29378523_1435162562396.png;;http://app20.susalud.gob.pe:8080/registro-renipress-webapp/ipress.htm?action=downloadFile&idArchivo=Fotografia_3254_29378523_1435162588061.png;;http://app20.susalud.gob.pe:8080/registro-renipress-webapp/ipress.htm?action=downloadFile&idArchivo=Fotografia_3254_29378523_1435162635978.png;
PRIVADO;27944;CLINICAS INMACULADA EIRL;POLICLINICOS;ESTABLECIMIENTO DE SALUD SIN INTERNAMIENTO;PUNO;PUNO;PUNO;210101;HUANCANE;;;0;;;NO PERTENECE A NINGUNA MICRORED;;;I-3;925402217;8:00-18:00;1/02/2020;CIERRE TEMPORAL DE OFICIO;-15.84197471;-70.02625264;http://app20.susalud.gob.pe:8080/registro-renipress-webapp/ipress.htm?action=downloadFile&idArchivo=INSASU20200225125817.jpeg;;;;;
PRIVADO;28083;CENTRO MEDICO LASER ESTETIC;CENTROS DE SALUD O CENTROS MEDICOS;ESTABLECIMIENTO DE SALUD SIN INTERNAMIENTO;PUNO;PUNO;PUNO;210101;CHOQUEHUANCA;;0;0;;NO PERTENECE A NINGUNA RED;NO PERTENECE A NINGUNA MICRORED;;;I-2;961894497;0930-16:00;25/02/2019;CIERRE TEMPORAL DE OFICIO;-15.8402218;-70.0218805;http://app20.susalud.gob.pe:8080/registro-renipress-webapp/ipress.htm?action=downloadFile&idArchivo=INSASU20191204102426.jpeg;;;;;
ESSALUD;9216;HOSPITAL I CLINICA UNIVERSITARIA UNA -ESSALUD;CENTROS DE SALUD O CENTROS MEDICOS;ESTABLECIMIENTO DE SALUD SIN INTERNAMIENTO;PUNO;PUNO;PUNO;210101;AV. JORGE BASADRE Nº 508;;0;0;;NO PERTENECE A NINGUNA RED;NO PERTENECE A NINGUNA MICRORED;;;0;051-367240;8:00 - 19:00;4/05/2000;BAJA PROVISIONAL;;;;;;;;
PRIVADO;24741;CLINICA DENTAL ORAL  CENTER MR E.I.R.L.;CENTRO ODONTOLOGICO;ESTABLECIMIENTO DE SALUD SIN INTERNAMIENTO;PUNO;PUNO;PUNO;210101;LAMPA;29;0;0;PUNO;NO PERTENECE A NINGUNA RED;NO PERTENECE A NINGUNA MICRORED;;;I-3;995858616;08:00 - 20:30;27/03/2013;ACTIVO;;;;;;;;
ESSALUD;9217;CENTRO DE ATENCION PRIMARIA III METROPOLITANO DE PUNO;POLICLINICOS;ESTABLECIMIENTO DE SALUD SIN INTERNAMIENTO;PUNO;PUNO;PUNO;210101;JR. AREQUIPA Nº 950;29;0;0;PUNO;NO PERTENECE A NINGUNA RED;NO PERTENECE A NINGUNA MICRORED;;;I-3;051-364900;8:00 - 20:00;11/09/1999;ACTIVO;-15.8402218;-70.0218805;http://app20.susalud.gob.pe:8080/registro-renipress-webapp/ipress.htm?action=downloadFile&idArchivo=INSASU20171128115324.jpg;;http://app20.susalud.gob.pe:8080/registro-renipress-webapp/ipress.htm?action=downloadFile&idArchivo=INSASU20171128115330.jpg;;;
PRIVADO;12373;POLICLINICO SAN CARLOS V. E.I.R.L.;POLICLINICOS;ESTABLECIMIENTO DE SALUD SIN INTERNAMIENTO;PUNO;PUNO;PUNO;210101;JIRON   LIMA Nº 854;;0;0;;NO PERTENECE A NINGUNA RED;NO PERTENECE A NINGUNA MICRORED;;;I-3;(51) 354093;8:00 - 18:00;8/02/2011;CIERRE TEMPORAL DE OFICIO;-15.841849;-70.02733;http://app20.susalud.gob.pe:8080/registro-renipress-webapp/ipress.htm?action=downloadFile&idArchivo=INSASU20180724103043.jpg;;;;;
PRIVADO;29451;LABORATORIO ORION;PATOLOGIA CLINICA;SERVICIO MÉDICO DE APOYO;PUNO;PUNO;PUNO;210101;lima;29;;;PUNO;;;;;0;951599873;8:00 a 21:00;2/03/2001;ACTIVO;-15.83758348;-70.02835948;http://app20.susalud.gob.pe:8080/registro-renipress-webapp/ipress.htm?action=downloadFile&idArchivo=INSASU20200529151239.jpeg;;;;;
OTRO;30932;MEDICAL CENTER OXIMEDIC SACS;CENTROS DE SALUD O CENTROS MEDICOS;ESTABLECIMIENTO DE SALUD SIN INTERNAMIENTO;PUNO;PUNO;PUNO;210101;CORONEL BARRIGA;29;;0;PUNO;;NO PERTENECE A NINGUNA MICRORED;;;I-3;51-622164;06:00-22:00;6/01/2022;ACTIVO;-15.8402218;-70.0218805;http://app20.susalud.gob.pe:8080/registro-renipress-webapp/ipress.htm?action=downloadFile&idArchivo=INSASU20220107144934.jpg;;;;;
PRIVADO;30207;CENTRO MEDICO LOS UROS S.A.C.;CENTROS DE SALUD O CENTROS MEDICOS;ESTABLECIMIENTO DE SALUD SIN INTERNAMIENTO;PUNO;PUNO;PUNO;210101;LIMA;;;0;;;NO PERTENECE A NINGUNA MICRORED;;;I-3;996120358;08:00 - 18:00;26/07/2021;CIERRE TEMPORAL DE OFICIO;;;;;;;;
OTRO;29716;DENTAL LEOBLANCO;CENTRO ODONTOLOGICO;ESTABLECIMIENTO DE SALUD SIN INTERNAMIENTO;PUNO;PUNO;PUNO;210101;TACNA;29;;0;PUNO;;NO PERTENECE A NINGUNA MICRORED;;;I-1;953278909;09:00 - 20:00;1/04/2021;ACTIVO;-15.84528698;-70.02218091;http://app20.susalud.gob.pe:8080/registro-renipress-webapp/ipress.htm?action=downloadFile&idArchivo=INSASU20200718105930.jpeg;;http://app20.susalud.gob.pe:8080/registro-renipress-webapp/ipress.htm?action=downloadFile&idArchivo=INSASU20200718105937.jpeg;;;
PRIVADO;30879;CENTRO MEDICO CARLOS BARRIQUELO;CENTROS DE SALUD O CENTROS MEDICOS;ESTABLECIMIENTO DE SALUD SIN INTERNAMIENTO;PUNO;PUNO;PUNO;210101;LIMA;29;;;PUNO;;;;;I-3;971504012;8:00 - 19:00;23/01/2022;ACTIVO;-15.84197293;-70.02726729;http://app20.susalud.gob.pe:8080/registro-renipress-webapp/ipress.htm?action=downloadFile&idArchivo=INSASU20250109112556.jpeg;;http://app20.susalud.gob.pe:8080/registro-renipress-webapp/ipress.htm?action=downloadFile&idArchivo=INSASU20250109112600.jpeg;;http://app20.susalud.gob.pe:8080/registro-renipress-webapp/ipress.htm?action=downloadFile&idArchivo=INSASU20250109112604.jpeg;
PRIVADO;31504;SERVICIOS MEDICOS SAN ANTONIO SPURS;POLICLINICOS;ESTABLECIMIENTO DE SALUD SIN INTERNAMIENTO;PUNO;PUNO;PUNO;210101;AREQUIPA;;;;;;;;;I-3;979000105;8:00 - 6:00;11/04/2022;CIERRE TEMPORAL DE OFICIO;-15.8402218;-70.0218805;http://app20.susalud.gob.pe:8080/registro-renipress-webapp/ipress.htm?action=downloadFile&idArchivo=INSASU20220710182747.jpeg;;http://app20.susalud.gob.pe:8080/registro-renipress-webapp/ipress.htm?action=downloadFile&idArchivo=INSASU20220710182753.jpeg;;;
PRIVADO;30933;SOUTH MEDICAL CENTRO DE EXCELENCIA EN RADIOLOGIA;DIAGNOSTICO POR IMAGENES;SERVICIO MÉDICO DE APOYO;PUNO;PUNO;PUNO;210101;TACNA;29;;;PUNO;;;;;0;922677369;7:00-18:00;6/08/2021;ACTIVO;-15.8402218;-70.0218805;http://app20.susalud.gob.pe:8080/registro-renipress-webapp/ipress.htm?action=downloadFile&idArchivo=INSASU20250701123903.jpeg;;http://app20.susalud.gob.pe:8080/registro-renipress-webapp/ipress.htm?action=downloadFile&idArchivo=INSASU20250701123939.jpeg;;http://app20.susalud.gob.pe:8080/registro-renipress-webapp/ipress.htm?action=downloadFile&idArchivo=INSASU20250701124024.jpeg;
PRIVADO;30317;POL SANTA MYA SAC;POLICLINICOS;ESTABLECIMIENTO DE SALUD SIN INTERNAMIENTO;PUNO;PUNO;PUNO;210101;HUANCANE;;;;;;;;;I-3;995741148;08:00 A 18:00;25/09/2021;CIERRE TEMPORAL DE OFICIO;-15.84193855;-70.02665332;http://app20.susalud.gob.pe:8080/registro-renipress-webapp/ipress.htm?action=downloadFile&idArchivo=INSASU20210925101705.jpeg;;http://app20.susalud.gob.pe:8080/registro-renipress-webapp/ipress.htm?action=downloadFile&idArchivo=INSASU20210925101710.jpeg;;http://app20.susalud.gob.pe:8080/registro-renipress-webapp/ipress.htm?action=downloadFile&idArchivo=INSASU20210925101715.jpeg;
PRIVADO;30884;SERVICIOS MEDICOS ESPECIALIZADOS UROTRAUMA CENTER;CENTROS MEDICOS ESPECIALIZADOS;ESTABLECIMIENTO DE SALUD SIN INTERNAMIENTO;PUNO;PUNO;PUNO;210101;VELA VELA;29;;;PUNO;;;;;I-3;964004490;08:00 - 20:00;11/01/2022;ACTIVO;-15.83266121;-70.01994126;http://app20.susalud.gob.pe:8080/registro-renipress-webapp/ipress.htm?action=downloadFile&idArchivo=INSASU20220111110100.jpeg;;http://app20.susalud.gob.pe:8080/registro-renipress-webapp/ipress.htm?action=downloadFile&idArchivo=INSASU20220111110117.jpeg;;http://app20.susalud.gob.pe:8080/registro-renipress-webapp/ipress.htm?action=downloadFile&idArchivo=INSASU20220111110123.jpeg;
PRIVADO;31503;Centro Medico Las Mercedes;CENTROS DE SALUD O CENTROS MEDICOS;ESTABLECIMIENTO DE SALUD SIN INTERNAMIENTO;PUNO;PUNO;PUNO;210101;Lima;;;;;;;;;I-3;982004973;8:00 - 18:00;15/03/2022;CIERRE TEMPORAL DE OFICIO;-15.84178892;-70.02733625;http://app20.susalud.gob.pe:8080/registro-renipress-webapp/ipress.htm?action=downloadFile&idArchivo=INSASU20220418212105.jpg;;;;;
PRIVADO;30224;LABORATORIO CLÍNICO BIOMARC;PATOLOGIA CLINICA,ANATOMIA PATOLOGICA,ATENCION DOMICILIARIA,ATENCION PRE HOSPITALARIA;SERVICIO MÉDICO DE APOYO;PUNO;PUNO;PUNO;210101;EL PUERTO;29;;;PUNO;;;;;0;951351048;7:00 - 19:00 ;30/12/2020;ACTIVO;-15.8388388;-70.0223792;http://app20.susalud.gob.pe:8080/registro-renipress-webapp/ipress.htm?action=downloadFile&idArchivo=INSASU20201230124947.jpeg;;;;;
PRIVADO;32500;CENTRO DE SERVICIOS MEDICOS SAN JOSE;CENTROS DE SALUD O CENTROS MEDICOS;ESTABLECIMIENTO DE SALUD SIN INTERNAMIENTO;PUNO;PUNO;PUNO;210101;LIMA;;;0;;;NO PERTENECE A NINGUNA MICRORED;;;I-3;990008090;08:00 -19:00;1/07/2021;CIERRE TEMPORAL DE OFICIO;;;;;;;;
PRIVADO;32631;CENTRO MEDICO LOS ANGELES MOQUEGUA SAC;CENTROS DE SALUD O CENTROS MEDICOS;ESTABLECIMIENTO DE SALUD SIN INTERNAMIENTO;PUNO;PUNO;PUNO;210101;MARISACAL NIETO;29;;;PUNO;;;;;I-3;051-949663890;8:00 - 16:00;13/01/2022;ACTIVO;-15.8471685;-70.0220062;http://app20.susalud.gob.pe:8080/registro-renipress-webapp/ipress.htm?action=downloadFile&idArchivo=INSASU20220802104515.jpeg;;;;;
PRIVADO;31037;ESPECIALIDADES OD3;CENTRO ODONTOLOGICO;ESTABLECIMIENTO DE SALUD SIN INTERNAMIENTO;PUNO;PUNO;PUNO;210101;Mariano Hilario Cornejo;29;;;PUNO;;;;;I-2;051-350566;8:00am 8:00pm;15/04/2020;ACTIVO;;;;;;;;
GOBIERNO REGIONAL;32922;"HOGAR PROTEGIDO ""BUEN VIVIR"" SUMA UTJAÑA";HOGARES PROTEGIDOS;SERVICIO MÉDICO DE APOYO;PUNO;PUNO;PUNO;210101;NEPOMUCENO ARCE;29;150;0;PUNO;PUNO;NO PERTENECE A NINGUNA MICRORED;919;SALUD PUNO;0;(51) 985111114;24 HORAS;10/12/2020;ACTIVO;-15.83941108;-70.03275974;http://app20.susalud.gob.pe:8080/registro-renipress-webapp/ipress.htm?action=downloadFile&idArchivo=INSASU20230316111228.jpeg;;http://app20.susalud.gob.pe:8080/registro-renipress-webapp/ipress.htm?action=downloadFile&idArchivo=INSASU20230316111232.jpeg;;http://app20.susalud.gob.pe:8080/registro-renipress-webapp/ipress.htm?action=downloadFile&idArchivo=INSASU20230316111235.jpeg;
ESSALUD;32596;HOSPITAL I CLINICA UNIVERSITARIA;HOSPITALES O CLINICAS DE ATENCION ESPECIALIZADA;ESTABLECIMIENTO DE SALUD CON INTERNAMIENTO;PUNO;PUNO;PUNO;210101;INCA GARCILAZO DE LA VEGA;29;0;;PUNO;NO PERTENECE A NINGUNA RED;;;;II-E;51368152;7:00 -7:00;22/09/2000;ACTIVO;-15.8449696;-70.0182327;http://app20.susalud.gob.pe:8080/registro-renipress-webapp/ipress.htm?action=downloadFile&idArchivo=INSASU20220809102218.jpg;;;;;
PRIVADO;33317;CLINICA SANTA CASA;HOSPITALES O CLINICAS DE ATENCION ESPECIALIZADA;ESTABLECIMIENTO DE SALUD CON INTERNAMIENTO;PUNO;PUNO;PUNO;210101;PANAMERICANA SUR;;;;;;;;;II-E;961815837;8:00 - 20:00;17/07/2022;CIERRE TEMPORAL DE OFICIO;-15.86155764;-70.00126504;http://app20.susalud.gob.pe:8080/registro-renipress-webapp/ipress.htm?action=downloadFile&idArchivo=INSASU20220717113219.jpeg;;http://app20.susalud.gob.pe:8080/registro-renipress-webapp/ipress.htm?action=downloadFile&idArchivo=INSASU20220717113259.jpeg;;;
PRIVADO;35128;CENTRO MEDICO WIÑAY;CENTROS DE SALUD O CENTROS MEDICOS;ESTABLECIMIENTO DE SALUD SIN INTERNAMIENTO;PUNO;PUNO;PUNO;210101;TACNA;29;;;PUNO;;;;;I-3;959777867;08:00 -20:00;22/11/2023;ACTIVO;-15.841435;-70.0246513;http://app20.susalud.gob.pe:8080/registro-renipress-webapp/ipress.htm?action=downloadFile&idArchivo=INSASU20231122074956.jpg;;http://app20.susalud.gob.pe:8080/registro-renipress-webapp/ipress.htm?action=downloadFile&idArchivo=INSASU20231122075023.jpeg;;http://app20.susalud.gob.pe:8080/registro-renipress-webapp/ipress.htm?action=downloadFile&idArchivo=INSASU20231122075015.jpeg;
PRIVADO;35159;CLINICA SANTO REMEDIO;CENTROS DE SALUD CON CAMAS DE INTERNAMIENTO;ESTABLECIMIENTO DE SALUD CON INTERNAMIENTO;PUNO;PUNO;PUNO;210101;RICARDO PALMA;29;;;PUNO;;;;;I-4;958323992;8:00 - 18:00;20/12/2023;ACTIVO;-15.8402218;-70.0218805;http://app20.susalud.gob.pe:8080/registro-renipress-webapp/ipress.htm?action=downloadFile&idArchivo=INSASU20231220105642.jpeg;;http://app20.susalud.gob.pe:8080/registro-renipress-webapp/ipress.htm?action=downloadFile&idArchivo=INSASU20231220105648.jpeg;;http://app20.susalud.gob.pe:8080/registro-renipress-webapp/ipress.htm?action=downloadFile&idArchivo=INSASU20231220105653.jpeg;
PRIVADO;35165;CENTRO MEDICO ARCANGEL;CENTROS DE SALUD O CENTROS MEDICOS;ESTABLECIMIENTO DE SALUD SIN INTERNAMIENTO;PUNO;PUNO;PUNO;210101;4 DE NOVIEMBRE;29;;;PUNO;;;;;I-3;954525481;8:00 - 19:00;1/05/2024;ACTIVO;-15.85421858;-70.01622315;http://app20.susalud.gob.pe:8080/registro-renipress-webapp/ipress.htm?action=downloadFile&idArchivo=INSASU20240522104023.jpeg;;http://app20.susalud.gob.pe:8080/registro-renipress-webapp/ipress.htm?action=downloadFile&idArchivo=INSASU20240522104417.jpeg;;http://app20.susalud.gob.pe:8080/registro-renipress-webapp/ipress.htm?action=downloadFile&idArchivo=INSASU20240522104624.jpeg;
PRIVADO;35129;CONSULTORIO MEDICO DENTAL BOLIVAR SAC;CENTRO ODONTOLOGICO;ESTABLECIMIENTO DE SALUD SIN INTERNAMIENTO;PUNO;PUNO;PUNO;210101;SIMON BOLIVAR;;;;;;;;;I-3;985438907;9:00 - 19:00;21/11/2022;CIERRE TEMPORAL DE OFICIO;-15.851282;-70.016014;http://app20.susalud.gob.pe:8080/registro-renipress-webapp/ipress.htm?action=downloadFile&idArchivo=INSASU20221121125338.jpeg;;http://app20.susalud.gob.pe:8080/registro-renipress-webapp/ipress.htm?action=downloadFile&idArchivo=INSASU20221121125342.jpeg;;http://app20.susalud.gob.pe:8080/registro-renipress-webapp/ipress.htm?action=downloadFile&idArchivo=INSASU20221121125346.jpeg;
OTRO;36957;LABORATORIOS BIOPROYECT;PATOLOGIA CLINICA,ANATOMIA PATOLOGICA;SERVICIO MÉDICO DE APOYO;PUNO;PUNO;PUNO;210101;Tacna;29;;0;PUNO;;NO PERTENECE A NINGUNA MICRORED;;;0;968744005;7:30 - 18:00;20/10/2024;ACTIVO;-15.83898581;-70.02608352;http://app20.susalud.gob.pe:8080/registro-renipress-webapp/ipress.htm?action=downloadFile&idArchivo=INSASU20250327121652.jpeg;;http://app20.susalud.gob.pe:8080/registro-renipress-webapp/ipress.htm?action=downloadFile&idArchivo=INSASU20250327121655.jpeg;;http://app20.susalud.gob.pe:8080/registro-renipress-webapp/ipress.htm?action=downloadFile&idArchivo=INSASU20250327121659.jpeg;
PRIVADO;36236;CENTRO DE GINECOLOGIA INTEGRAL;CENTROS DE SALUD O CENTROS MEDICOS;ESTABLECIMIENTO DE SALUD SIN INTERNAMIENTO;PUNO;PUNO;PUNO;210101;TACNA;29;;;PUNO;;;;;I-2;951681045;9:00 - 19:00;30/07/2024;ACTIVO;-15.84121265;-70.02342545;http://app20.susalud.gob.pe:8080/registro-renipress-webapp/ipress.htm?action=downloadFile&idArchivo=INSASU20240730160523.jpeg;;http://app20.susalud.gob.pe:8080/registro-renipress-webapp/ipress.htm?action=downloadFile&idArchivo=INSASU20240730160356.jpeg;;http://app20.susalud.gob.pe:8080/registro-renipress-webapp/ipress.htm?action=downloadFile&idArchivo=INSASU20240730160401.jpeg;
PRIVADO;36943;CLINICA MEDICAL SUR;HOSPITALES O CLINICAS DE ATENCION ESPECIALIZADA;ESTABLECIMIENTO DE SALUD CON INTERNAMIENTO;PUNO;PUNO;PUNO;210101;375 - 377;29;;;PUNO;;;;;II-E;987057002;00:00 - 24:00;11/03/2024;ACTIVO;-15.8324731;-70.0245836;http://app20.susalud.gob.pe:8080/registro-renipress-webapp/ipress.htm?action=downloadFile&idArchivo=INSASU20240314121753.jpeg;;http://app20.susalud.gob.pe:8080/registro-renipress-webapp/ipress.htm?action=downloadFile&idArchivo=INSASU20240314121800.jpeg;;http://app20.susalud.gob.pe:8080/registro-renipress-webapp/ipress.htm?action=downloadFile&idArchivo=INSASU20240314122225.jpeg;
PRIVADO;35910;MI BREVETE;POLICLINICOS;ESTABLECIMIENTO DE SALUD SIN INTERNAMIENTO;PUNO;PUNO;PUNO;210101;AREQUIPA;29;;;PUNO;;;;;I-3;979000105;8:00 - 19:00;11/07/2024;ACTIVO;-15.8402218;-70.0218805;http://app20.susalud.gob.pe:8080/registro-renipress-webapp/ipress.htm?action=downloadFile&idArchivo=INSASU20240711152944.jpeg;;http://app20.susalud.gob.pe:8080/registro-renipress-webapp/ipress.htm?action=downloadFile&idArchivo=INSASU20240711152952.jpeg;;http://app20.susalud.gob.pe:8080/registro-renipress-webapp/ipress.htm?action=downloadFile&idArchivo=INSASU20240711152956.jpeg;
OTRO;36999;SERVICIO MÉDICO PRIMARIO UNA PUNO;CENTROS DE SALUD O CENTROS MEDICOS;ESTABLECIMIENTO DE SALUD SIN INTERNAMIENTO;PUNO;PUNO;PUNO;210101;FLORAL;29;;0;PUNO;;NO PERTENECE A NINGUNA MICRORED;;;I-3;051-352206;07:00 - 19:00;4/01/2018;ACTIVO;-15.82419242;-70.01213402;http://app20.susalud.gob.pe:8080/registro-renipress-webapp/ipress.htm?action=downloadFile&idArchivo=INSASU20250717164343.jpg;;http://app20.susalud.gob.pe:8080/registro-renipress-webapp/ipress.htm?action=downloadFile&idArchivo=INSASU20250717164346.jpg;;http://app20.susalud.gob.pe:8080/registro-renipress-webapp/ipress.htm?action=downloadFile&idArchivo=INSASU20250717164350.jpg;
GOBIERNO REGIONAL;35944;"CENTRO DE SALUD MENTAL COMUNITARIO ""ALTO PUNO""";CENTROS DE SALUD O CENTROS MEDICOS;ESTABLECIMIENTO DE SALUD SIN INTERNAMIENTO;PUNO;PUNO;PUNO;210101;CHIRIHUANOS;29;150;0;PUNO;PUNO;NO PERTENECE A NINGUNA MICRORED;919;SALUD PUNO;I-3;927575879;07:00 - 19:00 Hrs.;18/08/2023;ACTIVO;-16.2883753;-69.226093;http://app20.susalud.gob.pe:8080/registro-renipress-webapp/ipress.htm?action=downloadFile&idArchivo=INSASU20240601145504.jpeg;;http://app20.susalud.gob.pe:8080/registro-renipress-webapp/ipress.htm?action=downloadFile&idArchivo=INSASU20240601145509.jpeg;;http://app20.susalud.gob.pe:8080/registro-renipress-webapp/ipress.htm?action=downloadFile&idArchivo=INSASU20240601145513.jpeg;
PRIVADO;36231;PERIO IMPLANT;CENTRO ODONTOLOGICO;ESTABLECIMIENTO DE SALUD SIN INTERNAMIENTO;PUNO;PUNO;PUNO;210101;Jr. Mariano H. Cornejo # 167;29;;;PUNO;;;;;I-3;980726300;8:00 - 8:00;13/02/2020;ACTIVO;-15.8402218;-70.0218805;http://app20.susalud.gob.pe:8080/registro-renipress-webapp/ipress.htm?action=downloadFile&idArchivo=INSASU20240918104006.jpeg;;http://app20.susalud.gob.pe:8080/registro-renipress-webapp/ipress.htm?action=downloadFile&idArchivo=INSASU20240918104010.jpeg;;http://app20.susalud.gob.pe:8080/registro-renipress-webapp/ipress.htm?action=downloadFile&idArchivo=INSASU20240918104023.jpeg;
PRIVADO;36937;SERVICIOS MULTIPLES OXYMEDYC E.I.R.L.;POLICLINICOS;ESTABLECIMIENTO DE SALUD SIN INTERNAMIENTO;PUNO;PUNO;PUNO;210101;LIMA;29;;;PUNO;;;;;I-3;998969663;07:00-22:00;3/02/2025;ACTIVO;-15.84332078;-70.02683052;http://app20.susalud.gob.pe:8080/registro-renipress-webapp/ipress.htm?action=downloadFile&idArchivo=INSASU20250203133454.jpeg;;http://app20.susalud.gob.pe:8080/registro-renipress-webapp/ipress.htm?action=downloadFile&idArchivo=INSASU20250203133445.jpeg;;http://app20.susalud.gob.pe:8080/registro-renipress-webapp/ipress.htm?action=downloadFile&idArchivo=INSASU20250203133500.jpeg;
PRIVADO;37998;CENTRUMDENT PUNO;CENTRO ODONTOLOGICO;ESTABLECIMIENTO DE SALUD SIN INTERNAMIENTO;PUNO;PUNO;PUNO;210101;TITICACA;29;;;PUNO;;;;;I-1;998401432;9:00 - 20:00;1/08/2023;ACTIVO;-15.83899482;-70.0246709;http://app20.susalud.gob.pe:8080/registro-renipress-webapp/ipress.htm?action=downloadFile&idArchivo=INSASU20250702184254.jpeg;;http://app20.susalud.gob.pe:8080/registro-renipress-webapp/ipress.htm?action=downloadFile&idArchivo=INSASU20250702184302.jpeg;;http://app20.susalud.gob.pe:8080/registro-renipress-webapp/ipress.htm?action=downloadFile&idArchivo=INSASU20250702184353.jpeg;
PRIVADO;37834;CONSULTORIO DENTAL ORAL CENTER MR E.I.R.L.;CONSULTORIOS MEDICOS Y DE OTROS PROFESIONALES DE LA SALUD;ESTABLECIMIENTO DE SALUD SIN INTERNAMIENTO;PUNO;PUNO;PUNO;210101;SIMÓN BOLÍVAR;29;;;PUNO;;;;;I-1;995858616;8:00 - 20:30 ;15/03/2025;ACTIVO;-15.832518;-70.021896;http://app20.susalud.gob.pe:8080/registro-renipress-webapp/ipress.htm?action=downloadFile&idArchivo=INSASU20250722094144.jpeg;;http://app20.susalud.gob.pe:8080/registro-renipress-webapp/ipress.htm?action=downloadFile&idArchivo=INSASU20250722102035.jpeg;;http://app20.susalud.gob.pe:8080/registro-renipress-webapp/ipress.htm?action=downloadFile&idArchivo=INSASU20250722102529.jpeg;
PRIVADO;37819;CENTRO MEDICO SAN CARLOS V&R E.I.R.L.;CENTROS DE SALUD O CENTROS MEDICOS;ESTABLECIMIENTO DE SALUD SIN INTERNAMIENTO;PUNO;PUNO;PUNO;210101;LIMA;29;;;PUNO;;;;;I-3;997951926;8:00 - 19:00;17/07/2025;ACTIVO;-15.84171667;-70.02730942;http://app20.susalud.gob.pe:8080/registro-renipress-webapp/ipress.htm?action=downloadFile&idArchivo=INSASU20250717140335.jpg;;http://app20.susalud.gob.pe:8080/registro-renipress-webapp/ipress.htm?action=downloadFile&idArchivo=INSASU20250717140343.jpg;;http://app20.susalud.gob.pe:8080/registro-renipress-webapp/ipress.htm?action=downloadFile&idArchivo=INSASU20250717140349.jpg;
PRIVADO;36990;"CENTRO OPTICO BAZAR ""S&S OPTICAS""";CENTROS OPTICOS;SERVICIO MÉDICO DE APOYO;PUNO;PUNO;PUNO;210101;MOQUEGUA;29;;;PUNO;;;;;0;930313891;09:00 - 20:00;1/03/2024;ACTIVO;-15.83850328;-70.0269311;http://app20.susalud.gob.pe:8080/registro-renipress-webapp/ipress.htm?action=downloadFile&idArchivo=INSASU20240414074823.jpeg;;http://app20.susalud.gob.pe:8080/registro-renipress-webapp/ipress.htm?action=downloadFile&idArchivo=INSASU20240414074836.jpeg;;http://app20.susalud.gob.pe:8080/registro-renipress-webapp/ipress.htm?action=downloadFile&idArchivo=INSASU20240414074846.jpeg;
PRIVADO;36978;SANA WAWA PEDIATRÍA EMPÁTICA;CONSULTORIOS MEDICOS Y DE OTROS PROFESIONALES DE LA SALUD;ESTABLECIMIENTO DE SALUD SIN INTERNAMIENTO;PUNO;PUNO;PUNO;210101;INTEGRACION CON AVENIDA LOS ALAMOS;29;;;PUNO;;;;;I-2;958323992;8:00 - 07:00;13/03/2025;ACTIVO;-15.87331797;-69.9946237;http://app20.susalud.gob.pe:8080/registro-renipress-webapp/ipress.htm?action=downloadFile&idArchivo=INSASU20250313063657.jpeg;;http://app20.susalud.gob.pe:8080/registro-renipress-webapp/ipress.htm?action=downloadFile&idArchivo=INSASU20250313063702.jpeg;;http://app20.susalud.gob.pe:8080/registro-renipress-webapp/ipress.htm?action=downloadFile&idArchivo=INSASU20250313063706.jpeg;
